1;1;49;17;Insuficiencia Renal Crónica Terminal;;INSTALACION CATETER TRANSITORIO TUNELIZADO O DE LARGA DURACION PARA HEMODIALISIS;-305;2501132;554410
2;1;49;17;Insuficiencia Renal Crónica Terminal;;ESTUDIO PRE TRASPLANTE RECEPTOR;-79;3005004;705940
3;1;49;17;Insuficiencia Renal Crónica Terminal;;TRASPLANTE RENAL;-214;1902003;5080170
4;1;49;17;Insuficiencia Renal Crónica Terminal;;ERITROPOYETINA PACIENTES EN DIALISIS;-75;3006001;28300
5;1;49;17;Insuficiencia Renal Crónica Terminal;;HIERRO ENDOVENOSO PACIENTES EN DIALISIS;-101;3006002;24880
6;1;49;17;Insuficiencia Renal Crónica Terminal;;CONFIRMACION RETARDO CRECIMIENTO OSEO;-329;101113;169760
7;1;49;17;Insuficiencia Renal Crónica Terminal;;CONFIRMACION RETARDO CRECIMIENTO OSEO;-329;303047;169760
8;1;49;17;Insuficiencia Renal Crónica Terminal;;CONFIRMACION RETARDO CRECIMIENTO OSEO;-329;303048;169760
9;1;49;17;Insuficiencia Renal Crónica Terminal;;ACCESO VASCULAR CON PROTESIS EN EXTREMIDAD SUPERIOR;-330;2501033;947390
10;1;49;17;Insuficiencia Renal Crónica Terminal;;REPARACION DE FISTULA DISFUNCIONANTE U OCLUIDA;-331;2501034;1115860
11;1;49;17;Insuficiencia Renal Crónica Terminal;;RECHAZO TRASPLANTE RENAL;-332;3005005;6278960
12;1;49;17;Insuficiencia Renal Crónica Terminal;;TRATAMIENTO CON HORMONA DE CRECIMIENTO EN MENORES DE 15 AÑOS;-333;3903003;235110
13;1;49;17;Insuficiencia Renal Crónica Terminal;;SEGUIMIENTO TRASPLANTE RENAL 1° AÑO;-334;302023;164140
14;1;49;17;Insuficiencia Renal Crónica Terminal;;SEGUIMIENTO TRASPLANTE RENAL 1° AÑO;-334;309010;164140
15;1;49;17;Insuficiencia Renal Crónica Terminal;;SEGUIMIENTO TRASPLANTE RENAL A PARTIR DEL 2° AÑO;-336;302123;68170
16;1;49;17;Insuficiencia Renal Crónica Terminal;;SEGUIMIENTO TRASPLANTE RENAL A PARTIR DEL 2° AÑO;-336;309110;68170
17;1;49;17;Insuficiencia Renal Crónica Terminal;;ACCESO VASCULAR AUTOLOGO EN BRAZO O ANTEBRAZO;-410;2501031;784060
18;1;49;17;Insuficiencia Renal Crónica Terminal;;ACCESO VASCULAR AUTOLOGO DE ALTA COMPLEJIDAD;-411;2501032;1047490
19;1;49;17;Insuficiencia Renal Crónica Terminal;;DROGA INMUNOSUPRESORA PROTOCOLO 0;-412;3005001;7260
20;1;49;17;Insuficiencia Renal Crónica Terminal;;DROGA INMUNOSUPRESORA PROTOCOLO 1A;-413;3005002;344770
21;1;49;17;Insuficiencia Renal Crónica Terminal;;DROGA INMUNOSUPRESORA PROTOCOLO 1B;;3005003;243760
22;1;49;17;Insuficiencia Renal Crónica Terminal;;DROGA INMUNOSUPRESORA PROTOCOLO 1C;;3005104;476790
23;1;49;17;Insuficiencia Renal Crónica Terminal;;DROGA INMUNOSUPRESORA PROTOCOLO 1D;;3005105;541640
24;1;49;17;Insuficiencia Renal Crónica Terminal;;DROGA INMUNOSUPRESORA PROTOCOLO 1E;;3005106;421400
25;1;49;17;Insuficiencia Renal Crónica Terminal;;DROGA INMUNOSUPRESORA PROTOCOLO 2A;;3005103;290310
26;1;49;17;Insuficiencia Renal Crónica Terminal;;ESTUDIO Y NEFRECTOMIA DONANTE VIVO;-416;1902211;1314670
27;1;49;17;Insuficiencia Renal Crónica Terminal;;ESTUDIO, EVALUACION  Y NEFRECTOMIA DONANTE CADAVER;-417;1902011;1165710
28;1;49;17;Insuficiencia Renal Crónica Terminal;;PROFILAXIS CITOMEGALOVIRUS ALTO RIESGO;-418;3903004;1563250
29;1;49;17;Insuficiencia Renal Crónica Terminal;;PROFILAXIS CITOMEGALOVIRUS BAJO RIESGO;-419;3903005;526560
30;1;49;17;Insuficiencia Renal Crónica Terminal;;INSTALACION CATETER PARA PERITONEODIALISIS;-484;1901126;548600
31;1;49;17;Insuficiencia Renal Crónica Terminal;;DIALISIS;-345;1901026;832280
32;1;49;17;Insuficiencia Renal Crónica Terminal;;DIALISIS;-345;1901025;27740
33;1;49;17;Insuficiencia Renal Crónica Terminal;;DIALISIS;-345;1901029;677560
34;1;49;17;Insuficiencia Renal Crónica Terminal;;DIALISIS;-345;1901028;52120
35;2;62;;Cardiopatías Congénitas Operables;;CONFIRMACION  CARDIOPATIA CONGENITA OPERABLE PRE NATAL;-26;3111001;109650
36;2;62;;Cardiopatías Congénitas Operables;;CONFIRMACION  CARDIOPATIA CONGENITA OPERABLE POST NATAL;-25;3111002;99770
37;2;62;9;Cardiopatías Congénitas Operables;;CIRUGIA  CEC MAYOR;-14;1703061;9472110
38;2;62;9;Cardiopatías Congénitas Operables;;CIRUGIA  CEC MEDIANA;-15;1703062;4643520
39;2;62;9;Cardiopatías Congénitas Operables;;CIRUGIA  CEC MENOR;-16;1703063;3838970
40;2;62;9;Cardiopatías Congénitas Operables;;CIRUGIA CEC MAYOR ALTA COMPLEJIDAD PEDIATRICA;-17;1703261;13574010
41;2;62;;Cardiopatías Congénitas Operables;;ESTUDIO HEMODINAMICO;-76;1701011;602500
42;2;62;9;Cardiopatías Congénitas Operables;;ANGIOPLASTIA EN NIÑOS ( INCLUYE STENT);-4;1701043;1937660
43;2;62;9;Cardiopatías Congénitas Operables;;ANGIOPLASTIA EN NIÑOS ( INCLUYE STENT);-4;1701131;1937660
44;2;62;9;Cardiopatías Congénitas Operables;;ANGIOPLASTIA EN NIÑOS ( INCLUYE STENT);-4;1701144;1937660
45;2;62;9;Cardiopatías Congénitas Operables;;VALVULOPLASTIA;-279;1701141;1457540
46;2;62;9;Cardiopatías Congénitas Operables;;VALVULOPLASTIA;-279;1701142;1457540
47;2;62;9;Cardiopatías Congénitas Operables;;OTRAS CIRUGIAS CARDIACAS SIN CEC;-139;1703047;1028340
48;2;62;9;Cardiopatías Congénitas Operables;;OTRAS CIRUGIAS CARDIACAS SIN CEC;-139;1703049;1028340
49;2;62;9;Cardiopatías Congénitas Operables;;OTRAS CIRUGIAS CARDIACAS SIN CEC;-139;1703050;1028340
50;2;62;9;Cardiopatías Congénitas Operables;;OTRAS CIRUGIAS CARDIACAS SIN CEC;-139;1703054;1028340
51;2;62;9;Cardiopatías Congénitas Operables;;OTRAS CIRUGIAS CARDIACAS SIN CEC;-139;1703055;1028340
52;2;62;9;Cardiopatías Congénitas Operables;;CIRUGIA URGENCIA PEDIATRICA SIN CEC;-22;1703150;2569630
53;2;62;9;Cardiopatías Congénitas Operables;;CIERRE PERCUTANEO DEL DUCTOS ARTERIOSO PERSISTENTE;-13;2501124;2165330
54;2;62;9;Cardiopatías Congénitas Operables;;CIERRE DE DUCTOS POR CIRUGIA;-11;1703051;943390
55;2;62;9;Cardiopatías Congénitas Operables;;CIERRE DE DUCTOS POR CIRUGIA PREMATUROS;-12;1703151;1442710
56;2;62;9;Cardiopatías Congénitas Operables;;CIERRE PERCUTANEO DE DEFECTOS CEPTALES INTRACARDIACOS CON DISPOSITIVO;-10;1703163;5644330
57;2;62;9;Cardiopatías Congénitas Operables;;RECAMBIO MARCAPASO;-460;1703148;1817650
58;2;62;9;Cardiopatías Congénitas Operables;;ESTUDIO ELECTROFISIOLOGICO DE ARRITMIAS;-422;1701046;677120
59;2;62;9;Cardiopatías Congénitas Operables;;ESTUDIO ELECTROFISIOLOGICO Y ABLACION DE ARRITMIAS;-423;1701050;1352290
60;2;62;9;Cardiopatías Congénitas Operables;;ESTUDIO ELECTROFISIOLOGICO Y ABLACION DE ARRITMIAS;-423;1701051;1352290
61;2;62;9;Cardiopatías Congénitas Operables;;IMPLANTACION DE MARCAPASO UNICAMERAL VVI;-519;1703153;1677190
62;2;62;9;Cardiopatías Congénitas Operables;;IMPLANTACION DE MARCAPASO BICAMERAL DDD;-520;1703253;2167450
63;2;62;9;Cardiopatías Congénitas Operables;;EVALUACION POST QUIRURGICA CARDIOPATIA CONGENITA OPERABLES;-171;3111003;110530
64;3;55;;Cáncer Cervicouterino;133;CONFIRMACION CANCER CERVICOUTERINO PRE INVASOR;-32;3101001;136050
65;3;55;;Cáncer Cervicouterino;133;CONFIRMACION CANCER CERVICOUTERINO INVASOR;-31;3101101;149720
66;3;55;;Cáncer Cervicouterino;134;ETAPIFICACION CANCER CERVICOUTERINO INVASOR;-82;3101002;218250
67;3;6;;Cáncer Cervicouterino;24;ETAPIFICACION CANCER CERVICOUTERINO INVASOR;-82;3101002;218250
68;3;55;;Cáncer Cervicouterino;135;SEGUIMIENTO CANCER CERVICOUTERINO PRE INVASOR;-178;3101003;54460
69;3;6;;Cáncer Cervicouterino;23;SEGUIMIENTO CANCER CERVICOUTERINO PRE INVASOR;-178;3101003;54460
70;3;55;;Cáncer Cervicouterino;134;TRATAMIENTO QUIMIOTERAPIA CANCER CERVICOUTERINO INVASOR;-262;3002036;93480
71;3;6;;Cáncer Cervicouterino;24;TRATAMIENTO QUIMIOTERAPIA CANCER CERVICOUTERINO INVASOR;-262;3002036;93480
72;3;55;;Cáncer Cervicouterino;134;RADIOTERAPIA CON ACELERADOR LINEAL DE ELECTRONES CACU;-485;504000;485150
73;3;6;;Cáncer Cervicouterino;24;RADIOTERAPIA CON ACELERADOR LINEAL DE ELECTRONES CACU;-485;504000;485150
74;3;55;;Cáncer Cervicouterino;134;TELECOBALTOTERAPIA CACU;-486;505000;384090
75;3;6;;Cáncer Cervicouterino;24;TELECOBALTOTERAPIA CACU;-486;505000;384090
76;3;55;;Cáncer Cervicouterino;134;BRAQUITERAPIA BAJA TASA CACU;-461;503000;171500
77;3;6;;Cáncer Cervicouterino;;BRAQUITERAPIA BAJA TASA CACU;-461;503000;171500
78;3;55;;Cáncer Cervicouterino;134;BRAQUITERAPIA MEDIANA TASA CACU;-462;503001;685940
79;3;6;;Cáncer Cervicouterino;;BRAQUITERAPIA MEDIANA TASA CACU;-462;503001;685940
80;3;55;;Cáncer Cervicouterino;134;BRAQUITERAPIA ALTA TASA CACU;-463;503002;857430
81;3;6;;Cáncer Cervicouterino;24;BRAQUITERAPIA ALTA TASA CACU;-463;503002;857430
82;3;55;;Cáncer Cervicouterino;134;RADIOTERAPIA CON ACELERADOR LINEAL DE ALTA INTENSIDAD CACU;-505;507001;710500
83;3;6;;Cáncer Cervicouterino;24;RADIOTERAPIA CON ACELERADOR LINEAL DE ALTA INTENSIDAD CACU;-505;507001;710500
84;3;55;;Cáncer Cervicouterino;134;TRATAMIENTO QUIMIOTERAPIA RECIDIVA CANCER CERVICOUTERINO INVASOR;-426;3002037;172840
85;3;6;;Cáncer Cervicouterino;24;TRATAMIENTO QUIMIOTERAPIA RECIDIVA CANCER CERVICOUTERINO INVASOR;-426;3002037;172840
86;3;55;;Cáncer Cervicouterino;133;PROCESAMIENTO PAP DE SCREENING;-337;801101;6160
87;3;55;;Cáncer Cervicouterino;133;PROCESAMIENTO PAP DE SOSPECHA;-208;801102;6160
88;3;55;;Cáncer Cervicouterino;134;TRATAMIENTO QUIRURGICO CANCER CERVICOUTERINO INVASOR;-267;2003014;1270360
89;3;6;;Cáncer Cervicouterino;24;TRATAMIENTO QUIRURGICO CANCER CERVICOUTERINO INVASOR;-267;2003014;1270360
90;3;55;;Cáncer Cervicouterino;134;TRATAMIENTO QUIRURGICO CANCER CERVICOUTERINO INVASOR;-267;2003015;1270360
91;3;6;;Cáncer Cervicouterino;24;TRATAMIENTO QUIRURGICO CANCER CERVICOUTERINO INVASOR;-267;2003015;1270360
92;3;55;;Cáncer Cervicouterino;134;TRATAMIENTO QUIRURGICO CANCER CERVICOUTERINO INVASOR;-267;2003016;1270360
93;3;6;;Cáncer Cervicouterino;24;TRATAMIENTO QUIRURGICO CANCER CERVICOUTERINO INVASOR;-267;2003016;1270360
94;3;55;;Cáncer Cervicouterino;134;TRATAMIENTO QUIRURGICO CANCER CERVICOUTERINO INVASOR;-267;2003010;1270360
95;3;6;;Cáncer Cervicouterino;24;TRATAMIENTO QUIRURGICO CANCER CERVICOUTERINO INVASOR;-267;2003010;1270360
96;3;55;;Cáncer Cervicouterino;134;SEGUIMIENTO CANCER CERVICOUTERINO INVASOR;-177;3101004;49370
97;3;6;;Cáncer Cervicouterino;24;SEGUIMIENTO CANCER CERVICOUTERINO INVASOR;-177;3101004;49370
98;3;55;;Cáncer Cervicouterino;135;TRATAMIENTO CANCER CERVICOUTERINO PRE INVASOR: PARA NIE I;-583;2001002;64550
99;3;6;;Cáncer Cervicouterino;23;TRATAMIENTO CANCER CERVICOUTERINO PRE INVASOR: PARA NIE I;-583;2001002;64550
100;3;55;;Cáncer Cervicouterino;135;TRATAMIENTO CANCER CERVICOUTERINO PRE INVASOR: PARA NIE II Y NIE III O CIS;-584;2001016;245120
101;3;6;;Cáncer Cervicouterino;23;TRATAMIENTO CANCER CERVICOUTERINO PRE INVASOR: PARA NIE II Y NIE III O CIS;-584;2001016;245120
102;3;55;;Cáncer Cervicouterino;135;TRATAMIENTO CANCER CERVICOUTERINO PRE INVASOR: PARA NIE II Y NIE III O CIS;-584;2003012;245120
103;3;6;;Cáncer Cervicouterino;23;TRATAMIENTO CANCER CERVICOUTERINO PRE INVASOR: PARA NIE II Y NIE III O CIS;-584;2003012;245120
104;3;55;;Cáncer Cervicouterino;135;TRATAMIENTO CANCER CERVICOUTERINO PRE INVASOR: PARA NIE II Y NIE III O CIS;-584;2003010;245120
105;3;6;;Cáncer Cervicouterino;23;TRATAMIENTO CANCER CERVICOUTERINO PRE INVASOR: PARA NIE II Y NIE III O CIS;-584;2003010;245120
106;3;55;;Cáncer Cervicouterino;135;TRATAMIENTO CANCER CERVICOUTERINO PRE INVASOR: PARA NIE II Y NIE III O CIS;-584;2003014;1270360
107;3;6;;Cáncer Cervicouterino;23;TRATAMIENTO CANCER CERVICOUTERINO PRE INVASOR: PARA NIE II Y NIE III O CIS;-584;2003014;1270360
108;3;55;;Cáncer Cervicouterino;134;ATENCION INTEGRAL PARA MUJERES CON CANCER;-585;903002;67610
109;3;6;;Cáncer Cervicouterino;24;ATENCION INTEGRAL PARA MUJERES CON CANCER;-585;903002;67610
110;4;50;4;Alivio del Dolor;;TRATAMIENTO INTEGRAL POR CANCER AVANZADO Y CUIDADOS PALIATIVOS;-247;3002023;90990
111;5;60;16;Infarto Agudo del Miocardio;;CONFIRMACION Y TRATAMIENTO INFARTO AGUDO DEL MIOCARDIO URGENCIA CON TROMBOLISIS;-428;3007101;403860
112;5;60;16;Infarto Agudo del Miocardio;;CONFIRMACION Y TRATAMIENTO INFARTO AGUDO DEL MIOCARDIO URGENCIA SIN TROMBOLISIS;-427;3007001;37010
113;5;60;;Infarto Agudo del Miocardio;;SOSPECHA IAM;-210;1701001;9470
114;5;60;16;Infarto Agudo del Miocardio;;TRATAMIENTO MEDICO DEL INFARTO AGUDO DEL MIOCARDIO (HOSPITALIZADO);-464;3007002;394160
115;5;60;16;Infarto Agudo del Miocardio;;PREVENCION SECUNDARIA DEL IAM;-144;3007003;9620
116;6;63;11;Diabetes Mellitus Tipo 1;;EVALUACION INICIAL HOSPITALIZADO: PACIENTES NUEVOS SIN CETOACIDOSIS DM TIPO 1;-86;3102101;250360
117;6;63;11;Diabetes Mellitus Tipo 1;;EVALUACION INICIAL HOSPITALIZADO: PACIENTES NUEVOS CON CETOACIDOSIS DM TIPO 1;-85;3102102;388400
118;6;63;11;Diabetes Mellitus Tipo 1;;TRATAMIENTO 1° AÑO PACIENTES CON DM TIPO 1 (INCLUYE DESCOMPENSACIONES);-215;3102001;46950
119;6;63;11;Diabetes Mellitus Tipo 1;;TRATAMIENTO A PARTIR DEL 2° AÑO PACIENTES CON DM TIPO 1 (INCLUYE DESCOMPENSACIONES);-217;3102002;40520
120;6;63;;Diabetes Mellitus Tipo 1;;CONFIRMACION PACIENTES CON  DM TIPO 1;-47;3102003;23630
121;6;63;11;Diabetes Mellitus Tipo 1;;CURACION AVANZADA DE HERIDA PIE DIABETICO (NO INFECTADO) DM TIPO 1;-65;5003001;196270
122;6;63;11;Diabetes Mellitus Tipo 1;;CURACION AVANZADA DE HERIDA PIE DIABETICO (INFECTADO) DM TIPO 1;-63;5003002;340750
123;7;53;21;Diabetes Mellitus Tipo 2;;CONTROL PACIENTE DM TIPO 2 NIVEL SECUNDARIO;-61;5002101;27330
124;7;53;21;Diabetes Mellitus Tipo 2;;CURACION AVANZADA DE HERIDA PIE DIABETICO (NO INFECTADO) DM TIPO 2;-66;5003001;196270
125;7;53;21;Diabetes Mellitus Tipo 2;;CURACION AVANZADA DE HERIDA PIE DIABETICO (INFECTADO) DM TIPO 2;-64;5003002;340750
126;7;53;21;Diabetes Mellitus Tipo 2;;AYUDAS TECNICAS - PIE DIABETICO;-586;5003101;15180
127;8;56;7;Cáncer de Mama;;SEGUIMIENTO CANCER  DE MAMA PACIENTE ASINTOMATICA;-175;3104003;24180
128;8;56;7;Cáncer de Mama;;SEGUIMIENTO CANCER  DE MAMA PACIENTE SINTOMATICA;-176;3104004;89390
129;8;56;;Cáncer de Mama;;CONFIRMACION CANCER DE MAMA NIVEL SECUNDARIO;-33;3104001;314370
130;8;56;7;Cáncer de Mama;;QUIMIOTERAPIA CANCER MAMA, ETAPA I Y II;-149;3002034;206900
131;8;56;7;Cáncer de Mama;;QUIMIOTERAPIA CANCER MAMA, ETAPA III;-150;3002135;156680
132;8;56;7;Cáncer de Mama;;QUIMIOTERAPIA CANCER MAMA, ETAPA IV;-151;3002136;323630
133;8;56;7;Cáncer de Mama;;QUIMIOTERAPIA CANCER MAMA ETAPA IV METASTASIS OSEAS;-148;3002137;118790
134;8;56;7;Cáncer de Mama;;HORMONOTERAPIA PARA CANCER DE MAMA;-111;3104002;92070
135;8;56;;Cáncer de Mama;;ETAPIFICACION CANCER DE MAMA;-340;3104101;151410
136;8;56;7;Cáncer de Mama;;INTERVENCION QUIRURGICA CANCER DE MAMA CON RECONSTRUCCION MAMARIA, 2° CIRUGIA RECONSTRUCTIVA;-457;1502152;1019080
137;8;56;7;Cáncer de Mama;;RADIOTERAPIA CON ACELERADOR LINEAL DE ELECTRONES CAMAMA;-465;504000;485150
138;8;56;7;Cáncer de Mama;;RADIOTERAPIA-TELECOBALTOTERAPIA CAMAMA;-466;505000;384090
139;8;56;7;Cáncer de Mama;;RADIOTERAPIA CON ACELERADOR LINEAL DE ALTA INTENSIDAD CAMAMA;-467;507001;710500
140;8;56;;Cáncer de Mama;;CONFIRMACION CANCER DE MAMA POR BIOPSIA ESTEROTAXICA;-429;2001023;726790
141;8;56;7;Cáncer de Mama;;INTERVENCION QUIRURGICA CANCER DE MAMA SIN RECONSTRUCCION MAMARIA INMEDIATA;-487;2002002;924940
142;8;56;7;Cáncer de Mama;;INTERVENCION QUIRURGICA CANCER DE MAMA SIN RECONSTRUCCION MAMARIA INMEDIATA;-487;2002003;924940
143;8;56;7;Cáncer de Mama;;INTERVENCION QUIRURGICA CANCER DE MAMA CON RECONSTRUCCION MAMARIA (INMEDIATA O DIFERIDA);-430;1502052;2189330
144;8;56;7;Cáncer de Mama;;CONTROLES Y EXAMENES POR TRATAMIENTO DE QUIMIOTERAPIA CAMAMA;-506;3106104;1015430
145;8;56;7;Cáncer de Mama;;ATENCION INTEGRAL PARA MUJERES CON CANCER DE MAMA;-587;903002;68230
146;9;64;;Disrrafias Espinales;;CONFIRMACION DISRAFIA ESPINAL ABIERTA;-38;1105002;88600
147;9;64;;Disrrafias Espinales;;CONFIRMACION DISRAFIA ESPINAL CERRADA;-39;1105001;226810
148;9;64;12;Disrrafias Espinales;;INTERVENCION QUIR. INTEGRAL DISRAFIA ESPINAL ABIERTA;-122;1103037;3123360
149;9;64;12;Disrrafias Espinales;;INTERVENCION QUIR. INTEGRAL DISRAFIA ESPINAL CERRADA;-123;1103047;1389120
150;9;64;12;Disrrafias Espinales;;RECAMBIO VALVULAR ESPINA BIFIDA ABIERTA;-342;1103132;1347930
151;9;64;12;Disrrafias Espinales;;REHABILITACION 1 ER Y 2° AÑO PACIENTE CON ESPINA BIFIDA ABIERTA;-343;1105102;43940
152;9;64;12;Disrrafias Espinales;;EVALUACION POST QUIRURGICA DISRAFIA ESPINAL ABIERTA;-90;1105003;33520
153;9;64;12;Disrrafias Espinales;;EVALUACION POST QUIRURGICA DISRAFIA ESPINAL CERRADA;-91;1105004;44860
154;10;48;13;Escoliosis;;EVALUACION POST QUIRURGICA ESCOLIOSIS;-92;3112001;26120
155;10;48;13;Escoliosis;;INTERVENCION QUIRURGICA INTEGRAL ESCOLIOSIS IDIOPATICA;-521;2104113;7565820
156;10;48;13;Escoliosis;;INTERVENCION QUIRURGICA INTEGRAL ESCOLIOSIS NEUROMUSCULAR;-522;2104313;12846180
157;10;48;13;Escoliosis;;INTERVENCION QUIRURGICA INTEGRAL ESCOLIOSIS MIELOMENINGOCELE;-523;2104413;10774590
158;11;57;;Catarátas;;CONFIRMACION CATARATAS;-29;3113001;60260
159;11;57;;Catarátas;;INTERVENCION QUIR. INTEGRAL CATARATAS > 3 AÑOS;-515;1202164;585240
160;11;57;;Catarátas;;INTERVENCION QUIR. INTEGRAL CATARATAS < =3 AÑOS;-516;1202164;585240
161;12;54;5;Artrosis de Caderas;;INTERVENCION QUIR. INTEGRAL CON RECAMBIO DE PROTESIS DE CADERA TOTAL;-121;2104329;9857510
162;12;54;5;Artrosis de Caderas;;INTERVENCION QUIR. INTEGRAL CON PROTESIS DE CADERA TOTAL;-120;2104229;4217210
163;12;54;5;Artrosis de Caderas;;CONTROL Y KINESIOTERAPIA POST QUIRURGICA;-62;102006;23560
164;13;65;15;Fisura Labiopalatina;;CIRUGIA PRIMARIA: 1º INTERVENCION;-19;3108110;755730
165;13;65;15;Fisura Labiopalatina;;CIRUGIA PRIMARIA: 2º INTERVENCION;-20;3108210;293730
166;13;65;;Fisura Labiopalatina;;CONFIRMACION FISURA LABIOPALATINA;-42;3108001;8790
167;13;65;15;Fisura Labiopalatina;;ORTOPEDIA PREQUIRURGICA PACIENTE FISURADO R. NACIDO;-138;3108101;145500
168;13;65;15;Fisura Labiopalatina;;REHABILITACION FISURA LABIOPALATINA;-390;3108601;94450
169;13;65;15;Fisura Labiopalatina;;CIRUGIA SECUNDARIA;-400;3108310;1146930
170;13;65;15;Fisura Labiopalatina;;REHABILITACION FISURA LABIOPALATINA 2° AÑO;-433;3108602;108300
171;13;65;15;Fisura Labiopalatina;;REHABILITACION FISURA LABIOPALATINA PREESCOLAR (3° AÑO AL 6° AÑO);-434;3108311;190200
172;13;65;15;Fisura Labiopalatina;;REHABILITACION FISURA LABIOPALATINA ESCOLAR (7° AÑO AL 10° AÑO);-435;3108312;197050
173;13;65;15;Fisura Labiopalatina;;REHABILITACION FISURA LABIOPALATINA ADOLESCENTE (11° AÑO AL 15° AÑO);-436;3108313;147830
174;14;66;;Cáncer en Menores;160;CONFIRMACION Y ETAPIFICACION CANCER EN MENORES DE 15 AÑOS;-57;3110001;1249510
175;14;66;;Cáncer en Menores;162;CONFIRMACION Y ETAPIFICACION CANCER EN MENORES DE 15 AÑOS;-57;3110001;1249510
176;14;66;;Cáncer en Menores;161;QUIMIOTERAPIA CANCER EN MENORES DE 15 AÑOS;-147;3002009;718960
177;14;66;;Cáncer en Menores;163;QUIMIOTERAPIA CANCER EN MENORES DE 15 AÑOS;-147;3002009;718960
178;14;66;;Cáncer en Menores;164;QUIMIOTERAPIA CANCER EN MENORES DE 15 AÑOS;-147;3002009;718960
179;14;29;;Cáncer en Menores;59;QUIMIOTERAPIA CANCER EN MENORES DE 15 AÑOS;-147;3002009;718960
180;14;29;;Cáncer en Menores;60;QUIMIOTERAPIA CANCER EN MENORES DE 15 AÑOS;-147;3002009;718960
181;14;66;;Cáncer en Menores;161;QUIMIOTERAPIA CANCER EN MENORES DE 15 AÑOS;-147;3002010;718960
182;14;66;;Cáncer en Menores;163;QUIMIOTERAPIA CANCER EN MENORES DE 15 AÑOS;-147;3002010;718960
183;14;66;;Cáncer en Menores;164;QUIMIOTERAPIA CANCER EN MENORES DE 15 AÑOS;-147;3002010;718960
184;14;29;;Cáncer en Menores;59;QUIMIOTERAPIA CANCER EN MENORES DE 15 AÑOS;-147;3002010;718960
185;14;29;;Cáncer en Menores;60;QUIMIOTERAPIA CANCER EN MENORES DE 15 AÑOS;-147;3002010;718960
186;14;66;;Cáncer en Menores;161;QUIMIOTERAPIA CANCER EN MENORES DE 15 AÑOS;-147;3002011;718960
187;14;66;;Cáncer en Menores;163;QUIMIOTERAPIA CANCER EN MENORES DE 15 AÑOS;-147;3002011;718960
188;14;66;;Cáncer en Menores;164;QUIMIOTERAPIA CANCER EN MENORES DE 15 AÑOS;-147;3002011;718960
189;14;29;;Cáncer en Menores;59;QUIMIOTERAPIA CANCER EN MENORES DE 15 AÑOS;-147;3002011;718960
190;14;29;;Cáncer en Menores;60;QUIMIOTERAPIA CANCER EN MENORES DE 15 AÑOS;-147;3002011;718960
191;14;66;;Cáncer en Menores;161;QUIMIOTERAPIA CANCER EN MENORES DE 15 AÑOS;-147;3002012;718960
192;14;66;;Cáncer en Menores;163;QUIMIOTERAPIA CANCER EN MENORES DE 15 AÑOS;-147;3002012;718960
193;14;66;;Cáncer en Menores;164;QUIMIOTERAPIA CANCER EN MENORES DE 15 AÑOS;-147;3002012;718960
194;14;29;;Cáncer en Menores;59;QUIMIOTERAPIA CANCER EN MENORES DE 15 AÑOS;-147;3002012;718960
195;14;29;;Cáncer en Menores;60;QUIMIOTERAPIA CANCER EN MENORES DE 15 AÑOS;-147;3002012;718960
196;14;66;;Cáncer en Menores;161;QUIMIOTERAPIA CANCER EN MENORES DE 15 AÑOS;-147;3002013;718960
197;14;66;;Cáncer en Menores;163;QUIMIOTERAPIA CANCER EN MENORES DE 15 AÑOS;-147;3002013;718960
198;14;66;;Cáncer en Menores;164;QUIMIOTERAPIA CANCER EN MENORES DE 15 AÑOS;-147;3002013;718960
199;14;29;;Cáncer en Menores;59;QUIMIOTERAPIA CANCER EN MENORES DE 15 AÑOS;-147;3002013;718960
200;14;29;;Cáncer en Menores;60;QUIMIOTERAPIA CANCER EN MENORES DE 15 AÑOS;-147;3002013;718960
201;14;66;;Cáncer en Menores;161;QUIMIOTERAPIA CANCER EN MENORES DE 15 AÑOS;-147;3002014;718960
202;14;66;;Cáncer en Menores;163;QUIMIOTERAPIA CANCER EN MENORES DE 15 AÑOS;-147;3002014;718960
203;14;66;;Cáncer en Menores;164;QUIMIOTERAPIA CANCER EN MENORES DE 15 AÑOS;-147;3002014;718960
204;14;29;;Cáncer en Menores;59;QUIMIOTERAPIA CANCER EN MENORES DE 15 AÑOS;-147;3002014;718960
205;14;29;;Cáncer en Menores;60;QUIMIOTERAPIA CANCER EN MENORES DE 15 AÑOS;-147;3002014;718960
206;14;66;;Cáncer en Menores;161;QUIMIOTERAPIA CANCER EN MENORES DE 15 AÑOS;-147;3002015;718960
207;14;66;;Cáncer en Menores;163;QUIMIOTERAPIA CANCER EN MENORES DE 15 AÑOS;-147;3002015;718960
208;14;66;;Cáncer en Menores;164;QUIMIOTERAPIA CANCER EN MENORES DE 15 AÑOS;-147;3002015;718960
209;14;29;;Cáncer en Menores;59;QUIMIOTERAPIA CANCER EN MENORES DE 15 AÑOS;-147;3002015;718960
210;14;29;;Cáncer en Menores;60;QUIMIOTERAPIA CANCER EN MENORES DE 15 AÑOS;-147;3002015;718960
211;14;66;;Cáncer en Menores;161;QUIMIOTERAPIA CANCER EN MENORES DE 15 AÑOS;-147;3002016;718960
212;14;66;;Cáncer en Menores;163;QUIMIOTERAPIA CANCER EN MENORES DE 15 AÑOS;-147;3002016;718960
213;14;66;;Cáncer en Menores;164;QUIMIOTERAPIA CANCER EN MENORES DE 15 AÑOS;-147;3002016;718960
214;14;29;;Cáncer en Menores;59;QUIMIOTERAPIA CANCER EN MENORES DE 15 AÑOS;-147;3002016;718960
215;14;29;;Cáncer en Menores;60;QUIMIOTERAPIA CANCER EN MENORES DE 15 AÑOS;-147;3002016;718960
216;14;66;;Cáncer en Menores;161;QUIMIOTERAPIA CANCER EN MENORES DE 15 AÑOS;-147;3002017;718960
217;14;66;;Cáncer en Menores;163;QUIMIOTERAPIA CANCER EN MENORES DE 15 AÑOS;-147;3002017;718960
218;14;66;;Cáncer en Menores;164;QUIMIOTERAPIA CANCER EN MENORES DE 15 AÑOS;-147;3002017;718960
219;14;29;;Cáncer en Menores;59;QUIMIOTERAPIA CANCER EN MENORES DE 15 AÑOS;-147;3002017;718960
220;14;29;;Cáncer en Menores;60;QUIMIOTERAPIA CANCER EN MENORES DE 15 AÑOS;-147;3002017;718960
221;14;66;;Cáncer en Menores;161;QUIMIOTERAPIA CANCER EN MENORES DE 15 AÑOS;-147;3002107;718960
222;14;66;;Cáncer en Menores;163;QUIMIOTERAPIA CANCER EN MENORES DE 15 AÑOS;-147;3002107;718960
223;14;66;;Cáncer en Menores;164;QUIMIOTERAPIA CANCER EN MENORES DE 15 AÑOS;-147;3002107;718960
224;14;29;;Cáncer en Menores;59;QUIMIOTERAPIA CANCER EN MENORES DE 15 AÑOS;-147;3002107;718960
225;14;29;;Cáncer en Menores;60;QUIMIOTERAPIA CANCER EN MENORES DE 15 AÑOS;-147;3002107;718960
226;14;66;;Cáncer en Menores;161;QUIMIOTERAPIA CANCER EN MENORES DE 15 AÑOS;-147;3002020;718960
227;14;66;;Cáncer en Menores;163;QUIMIOTERAPIA CANCER EN MENORES DE 15 AÑOS;-147;3002020;718960
228;14;66;;Cáncer en Menores;164;QUIMIOTERAPIA CANCER EN MENORES DE 15 AÑOS;-147;3002020;718960
229;14;29;;Cáncer en Menores;59;QUIMIOTERAPIA CANCER EN MENORES DE 15 AÑOS;-147;3002020;718960
230;14;29;;Cáncer en Menores;60;QUIMIOTERAPIA CANCER EN MENORES DE 15 AÑOS;-147;3002020;718960
231;14;66;;Cáncer en Menores;161;QUIMIOTERAPIA CANCER EN MENORES DE 15 AÑOS;-147;3002021;718960
232;14;66;;Cáncer en Menores;163;QUIMIOTERAPIA CANCER EN MENORES DE 15 AÑOS;-147;3002021;718960
233;14;66;;Cáncer en Menores;164;QUIMIOTERAPIA CANCER EN MENORES DE 15 AÑOS;-147;3002021;718960
234;14;29;;Cáncer en Menores;59;QUIMIOTERAPIA CANCER EN MENORES DE 15 AÑOS;-147;3002021;718960
235;14;29;;Cáncer en Menores;60;QUIMIOTERAPIA CANCER EN MENORES DE 15 AÑOS;-147;3002021;718960
236;14;66;;Cáncer en Menores;161;QUIMIOTERAPIA CANCER EN MENORES DE 15 AÑOS;-147;3002022;718960
237;14;66;;Cáncer en Menores;163;QUIMIOTERAPIA CANCER EN MENORES DE 15 AÑOS;-147;3002022;718960
238;14;66;;Cáncer en Menores;164;QUIMIOTERAPIA CANCER EN MENORES DE 15 AÑOS;-147;3002022;718960
239;14;29;;Cáncer en Menores;59;QUIMIOTERAPIA CANCER EN MENORES DE 15 AÑOS;-147;3002022;718960
240;14;29;;Cáncer en Menores;60;QUIMIOTERAPIA CANCER EN MENORES DE 15 AÑOS;-147;3002022;718960
241;14;66;;Cáncer en Menores;161;QUIMIOTERAPIA CANCER EN MENORES DE 15 AÑOS;-147;3002024;718960
242;14;66;;Cáncer en Menores;163;QUIMIOTERAPIA CANCER EN MENORES DE 15 AÑOS;-147;3002024;718960
243;14;66;;Cáncer en Menores;164;QUIMIOTERAPIA CANCER EN MENORES DE 15 AÑOS;-147;3002024;718960
244;14;29;;Cáncer en Menores;59;QUIMIOTERAPIA CANCER EN MENORES DE 15 AÑOS;-147;3002024;718960
245;14;29;;Cáncer en Menores;60;QUIMIOTERAPIA CANCER EN MENORES DE 15 AÑOS;-147;3002024;718960
246;14;66;;Cáncer en Menores;161;QUIMIOTERAPIA CANCER EN MENORES DE 15 AÑOS;-147;3002025;718960
247;14;66;;Cáncer en Menores;163;QUIMIOTERAPIA CANCER EN MENORES DE 15 AÑOS;-147;3002025;718960
248;14;66;;Cáncer en Menores;164;QUIMIOTERAPIA CANCER EN MENORES DE 15 AÑOS;-147;3002025;718960
249;14;29;;Cáncer en Menores;59;QUIMIOTERAPIA CANCER EN MENORES DE 15 AÑOS;-147;3002025;718960
250;14;29;;Cáncer en Menores;60;QUIMIOTERAPIA CANCER EN MENORES DE 15 AÑOS;-147;3002025;718960
251;14;66;;Cáncer en Menores;161;QUIMIOTERAPIA CANCER EN MENORES DE 15 AÑOS;-147;3002026;718960
252;14;66;;Cáncer en Menores;163;QUIMIOTERAPIA CANCER EN MENORES DE 15 AÑOS;-147;3002026;718960
253;14;66;;Cáncer en Menores;164;QUIMIOTERAPIA CANCER EN MENORES DE 15 AÑOS;-147;3002026;718960
254;14;29;;Cáncer en Menores;59;QUIMIOTERAPIA CANCER EN MENORES DE 15 AÑOS;-147;3002026;718960
255;14;29;;Cáncer en Menores;60;QUIMIOTERAPIA CANCER EN MENORES DE 15 AÑOS;-147;3002026;718960
256;14;66;;Cáncer en Menores;161;QUIMIOTERAPIA CANCER EN MENORES DE 15 AÑOS;-147;3002126;718960
257;14;66;;Cáncer en Menores;163;QUIMIOTERAPIA CANCER EN MENORES DE 15 AÑOS;-147;3002126;718960
258;14;66;;Cáncer en Menores;164;QUIMIOTERAPIA CANCER EN MENORES DE 15 AÑOS;-147;3002126;718960
259;14;29;;Cáncer en Menores;59;QUIMIOTERAPIA CANCER EN MENORES DE 15 AÑOS;-147;3002126;718960
260;14;29;;Cáncer en Menores;60;QUIMIOTERAPIA CANCER EN MENORES DE 15 AÑOS;-147;3002126;718960
261;14;66;;Cáncer en Menores;161;QUIMIOTERAPIA CANCER EN MENORES DE 15 AÑOS;-147;3002027;718960
262;14;66;;Cáncer en Menores;163;QUIMIOTERAPIA CANCER EN MENORES DE 15 AÑOS;-147;3002027;718960
263;14;66;;Cáncer en Menores;164;QUIMIOTERAPIA CANCER EN MENORES DE 15 AÑOS;-147;3002027;718960
264;14;29;;Cáncer en Menores;59;QUIMIOTERAPIA CANCER EN MENORES DE 15 AÑOS;-147;3002027;718960
265;14;29;;Cáncer en Menores;60;QUIMIOTERAPIA CANCER EN MENORES DE 15 AÑOS;-147;3002027;718960
266;14;66;;Cáncer en Menores;161;QUIMIOTERAPIA CANCER EN MENORES DE 15 AÑOS;-147;3002033;718960
267;14;66;;Cáncer en Menores;163;QUIMIOTERAPIA CANCER EN MENORES DE 15 AÑOS;-147;3002033;718960
268;14;66;;Cáncer en Menores;164;QUIMIOTERAPIA CANCER EN MENORES DE 15 AÑOS;-147;3002033;718960
269;14;29;;Cáncer en Menores;59;QUIMIOTERAPIA CANCER EN MENORES DE 15 AÑOS;-147;3002033;718960
270;14;29;;Cáncer en Menores;60;QUIMIOTERAPIA CANCER EN MENORES DE 15 AÑOS;-147;3002033;718960
271;14;66;;Cáncer en Menores;161;QUIMIOTERAPIA CANCER EN MENORES DE 15 AÑOS;-147;3002028;718960
272;14;66;;Cáncer en Menores;163;QUIMIOTERAPIA CANCER EN MENORES DE 15 AÑOS;-147;3002028;718960
273;14;66;;Cáncer en Menores;164;QUIMIOTERAPIA CANCER EN MENORES DE 15 AÑOS;-147;3002028;718960
274;14;29;;Cáncer en Menores;59;QUIMIOTERAPIA CANCER EN MENORES DE 15 AÑOS;-147;3002028;718960
275;14;29;;Cáncer en Menores;60;QUIMIOTERAPIA CANCER EN MENORES DE 15 AÑOS;-147;3002028;718960
276;14;66;;Cáncer en Menores;161;QUIMIOTERAPIA CANCER EN MENORES DE 15 AÑOS;-147;3002029;718960
277;14;66;;Cáncer en Menores;163;QUIMIOTERAPIA CANCER EN MENORES DE 15 AÑOS;-147;3002029;718960
278;14;66;;Cáncer en Menores;164;QUIMIOTERAPIA CANCER EN MENORES DE 15 AÑOS;-147;3002029;718960
279;14;29;;Cáncer en Menores;59;QUIMIOTERAPIA CANCER EN MENORES DE 15 AÑOS;-147;3002029;718960
280;14;29;;Cáncer en Menores;60;QUIMIOTERAPIA CANCER EN MENORES DE 15 AÑOS;-147;3002029;718960
281;14;66;;Cáncer en Menores;161;QUIMIOTERAPIA CANCER EN MENORES DE 15 AÑOS;-147;3002030;718960
282;14;66;;Cáncer en Menores;163;QUIMIOTERAPIA CANCER EN MENORES DE 15 AÑOS;-147;3002030;718960
283;14;66;;Cáncer en Menores;164;QUIMIOTERAPIA CANCER EN MENORES DE 15 AÑOS;-147;3002030;718960
284;14;29;;Cáncer en Menores;59;QUIMIOTERAPIA CANCER EN MENORES DE 15 AÑOS;-147;3002030;718960
285;14;29;;Cáncer en Menores;60;QUIMIOTERAPIA CANCER EN MENORES DE 15 AÑOS;-147;3002030;718960
286;14;66;;Cáncer en Menores;161;QUIMIOTERAPIA CANCER EN MENORES DE 15 AÑOS;-147;3002031;718960
287;14;66;;Cáncer en Menores;163;QUIMIOTERAPIA CANCER EN MENORES DE 15 AÑOS;-147;3002031;718960
288;14;66;;Cáncer en Menores;164;QUIMIOTERAPIA CANCER EN MENORES DE 15 AÑOS;-147;3002031;718960
289;14;29;;Cáncer en Menores;59;QUIMIOTERAPIA CANCER EN MENORES DE 15 AÑOS;-147;3002031;718960
290;14;29;;Cáncer en Menores;60;QUIMIOTERAPIA CANCER EN MENORES DE 15 AÑOS;-147;3002031;718960
291;14;66;;Cáncer en Menores;161;QUIMIOTERAPIA CANCER EN MENORES DE 15 AÑOS;-147;3002032;718960
292;14;66;;Cáncer en Menores;163;QUIMIOTERAPIA CANCER EN MENORES DE 15 AÑOS;-147;3002032;718960
293;14;66;;Cáncer en Menores;164;QUIMIOTERAPIA CANCER EN MENORES DE 15 AÑOS;-147;3002032;718960
294;14;29;;Cáncer en Menores;59;QUIMIOTERAPIA CANCER EN MENORES DE 15 AÑOS;-147;3002032;718960
295;14;29;;Cáncer en Menores;60;QUIMIOTERAPIA CANCER EN MENORES DE 15 AÑOS;-147;3002032;718960
296;14;66;;Cáncer en Menores;161;SEGUIMIENTO CANCER EN MENORES DE 15 AÑOS;-180;3110004;67600
297;14;66;;Cáncer en Menores;163;SEGUIMIENTO CANCER EN MENORES DE 15 AÑOS;-180;3110004;67600
298;14;66;;Cáncer en Menores;164;SEGUIMIENTO CANCER EN MENORES DE 15 AÑOS;-180;3110004;67600
299;14;29;;Cáncer en Menores;59;SEGUIMIENTO CANCER EN MENORES DE 15 AÑOS;-180;3110004;67600
300;14;29;;Cáncer en Menores;60;SEGUIMIENTO CANCER EN MENORES DE 15 AÑOS;-180;3110004;67600
301;14;66;;Cáncer en Menores;161;TRATAMIENTO RADIOYODO;-392;502001;145660
302;14;66;;Cáncer en Menores;163;TRATAMIENTO RADIOYODO;-392;502001;145660
303;14;66;;Cáncer en Menores;164;TRATAMIENTO RADIOYODO;-392;502001;145660
304;14;29;;Cáncer en Menores;59;TRATAMIENTO RADIOYODO;-392;502001;145660
305;14;29;;Cáncer en Menores;60;TRATAMIENTO RADIOYODO;-392;502001;145660
306;14;66;;Cáncer en Menores;161;TRATAMIENTO RADIOYODO;-392;502002;145660
307;14;66;;Cáncer en Menores;163;TRATAMIENTO RADIOYODO;-392;502002;145660
308;14;66;;Cáncer en Menores;164;TRATAMIENTO RADIOYODO;-392;502002;145660
309;14;29;;Cáncer en Menores;59;TRATAMIENTO RADIOYODO;-392;502002;145660
310;14;29;;Cáncer en Menores;60;TRATAMIENTO RADIOYODO;-392;502002;145660
311;14;66;;Cáncer en Menores;161;TRATAMIENTO RADIOYODO;-392;502003;145660
312;14;66;;Cáncer en Menores;163;TRATAMIENTO RADIOYODO;-392;502003;145660
313;14;66;;Cáncer en Menores;164;TRATAMIENTO RADIOYODO;-392;502003;145660
314;14;29;;Cáncer en Menores;59;TRATAMIENTO RADIOYODO;-392;502003;145660
315;14;29;;Cáncer en Menores;60;TRATAMIENTO RADIOYODO;-392;502003;145660
316;14;66;;Cáncer en Menores;161;TRATAMIENTO RADIOYODO;-392;502004;145660
317;14;66;;Cáncer en Menores;163;TRATAMIENTO RADIOYODO;-392;502004;145660
318;14;66;;Cáncer en Menores;164;TRATAMIENTO RADIOYODO;-392;502004;145660
319;14;29;;Cáncer en Menores;59;TRATAMIENTO RADIOYODO;-392;502004;145660
320;14;29;;Cáncer en Menores;60;TRATAMIENTO RADIOYODO;-392;502004;145660
321;14;66;;Cáncer en Menores;161;RADIOTERAPIA CON ACELERADOR LINEAL DE ELECTRONES CAINFANTIL;-468;504000;485150
322;14;66;;Cáncer en Menores;163;RADIOTERAPIA CON ACELERADOR LINEAL DE ELECTRONES CAINFANTIL;-468;504000;485150
323;14;66;;Cáncer en Menores;164;RADIOTERAPIA CON ACELERADOR LINEAL DE ELECTRONES CAINFANTIL;-468;504000;485150
324;14;29;;Cáncer en Menores;59;RADIOTERAPIA CON ACELERADOR LINEAL DE ELECTRONES CAINFANTIL;-468;504000;485150
325;14;29;;Cáncer en Menores;60;RADIOTERAPIA CON ACELERADOR LINEAL DE ELECTRONES CAINFANTIL;-468;504000;485150
326;14;66;;Cáncer en Menores;161;RADIOTERAPIA-TELECOBALTOTERAPIA CAINFANTIL;-469;505000;384090
327;14;66;;Cáncer en Menores;163;RADIOTERAPIA-TELECOBALTOTERAPIA CAINFANTIL;-469;505000;384090
328;14;66;;Cáncer en Menores;164;RADIOTERAPIA-TELECOBALTOTERAPIA CAINFANTIL;-469;505000;384090
329;14;29;;Cáncer en Menores;59;RADIOTERAPIA-TELECOBALTOTERAPIA CAINFANTIL;-469;505000;384090
330;14;29;;Cáncer en Menores;60;RADIOTERAPIA-TELECOBALTOTERAPIA CAINFANTIL;-469;505000;384090
331;14;66;;Cáncer en Menores;161;RADIOTERAPIA CON ACELERADOR LINEAL DE ALTA INTENSIDAD CAINFANTIL;-470;507001;710500
332;14;66;;Cáncer en Menores;163;RADIOTERAPIA CON ACELERADOR LINEAL DE ALTA INTENSIDAD CAINFANTIL;-470;507001;710500
333;14;66;;Cáncer en Menores;164;RADIOTERAPIA CON ACELERADOR LINEAL DE ALTA INTENSIDAD CAINFANTIL;-470;507001;710500
334;14;29;;Cáncer en Menores;59;RADIOTERAPIA CON ACELERADOR LINEAL DE ALTA INTENSIDAD CAINFANTIL;-470;507001;710500
335;14;29;;Cáncer en Menores;60;RADIOTERAPIA CON ACELERADOR LINEAL DE ALTA INTENSIDAD CAINFANTIL;-470;507001;710500
336;14;66;;Cáncer en Menores;164;TRATAMIENTO TUMORES SOLIDOS EN MENORES DE 15 AÑOS;-488;3002201;4711100
337;14;29;;Cáncer en Menores;60;TRATAMIENTO TUMORES SOLIDOS EN MENORES DE 15 AÑOS;-488;3002201;4711100
338;14;66;;Cáncer en Menores;163;TRATAMIENTO LINFOMA EN MENORES DE 15 AÑOS;-438;3002202;4171420
339;14;29;;Cáncer en Menores;59;TRATAMIENTO LINFOMA EN MENORES DE 15 AÑOS;-438;3002202;4171420
340;14;66;;Cáncer en Menores;161;TRATAMIENTO LEUCEMIA EN MENORES DE 15 AÑOS;-489;3002203;5419320
341;14;66;;Cáncer en Menores;161;TRASPLANTE DE MEDULA ALOGENO;-212;2501041;50236840
342;14;66;;Cáncer en Menores;161;TRASPLANTE DE MEDULA AUTOLOGO;-213;2501040;24838740
343;15;67;14;Esquizofrenia;;TRATAMIENTO ESQUIZOFRENIA PRIMER AÑO;-234;3103001;89870
344;15;67;14;Esquizofrenia;;TRATAMIENTO ESQUIZOFRENIA SEGUNDO AÑO;-235;3103002;75780
345;15;67;;Esquizofrenia;;EVALUACION EN SOSPECHA DE PRIMER EPISODIO ESQUIZOFRENIA;-87;3103101;52920
346;15;67;;Esquizofrenia;;EVALUACION INICIAL DE PRIMER EPISODIO ESQUIZOFRENIA;-393;3103100;113500
347;16;58;8;Cáncer de Testículo en Adultos;;BANCO DE ESPERMIOS;-8;3106202;267430
348;16;58;8;Cáncer de Testículo en Adultos;;RADIOTERAPIA CON ACELERADOR LINEAL DE ELECTRONES CATESTICULO;-474;504000;485150
349;16;58;8;Cáncer de Testículo en Adultos;;RADIOTERAPIA-TELECOBALTOTERAPIA CATESTICULO;-475;505000;384090
350;16;58;8;Cáncer de Testículo en Adultos;;RADIOTERAPIA CON ACELERADOR LINEAL DE ALTA INTENSIDAD CATESTICULO;-476;507001;710500
351;16;58;8;Cáncer de Testículo en Adultos;;INTERVENCION QUIRURGICA CANCER TESTICULO: ORQUIDECTOMIA;-441;1902068;520670
352;16;58;8;Cáncer de Testículo en Adultos;;INTERVENCION QUIRURGICA DE TESTICULO: VACIAMIENTO GANGLIONAR (LALA);-440;1902069;1323200
353;16;58;8;Cáncer de Testículo en Adultos;;INTERVENCION QUIRURGICA DE TESTICULO: VACIAMIENTO GANGLIONAR (LALA);-440;1703040;1323200
354;16;58;8;Cáncer de Testículo en Adultos;;INTERVENCION QUIRURGICA DE TESTICULO: MEDIASTINICO - RETROPERITONEAL;-439;1704017;1333210
355;16;58;8;Cáncer de Testículo en Adultos;;TERAPIA DE REEMPLAZO HORMONAL CATESTICULO;-507;3106002;17650
356;16;58;8;Cáncer de Testículo en Adultos;;HOSPITALIZACION POR QUIMIOTERAPIA CATESTICULO;-508;3106103;1853020
357;16;58;8;Cáncer de Testículo en Adultos;;CONFIRMACION DIAGNOSTICA CANCER TESTICULO;-37;3106001;55030
358;16;58;8;Cáncer de Testículo en Adultos;;ETAPIFICACION  CANCER TESTICULO;-81;3106003;241160
359;16;58;8;Cáncer de Testículo en Adultos;;QUIMIOTERAPIA CANCER TESTICULO;-152;3002007;308590
360;16;58;8;Cáncer de Testículo en Adultos;;SEGUIMIENTO CANCER TESTICULO;-490;3106004;109850
361;16;58;8;Cáncer de Testículo en Adultos;;QUIMIOTERAPIA PROTOCOLO SEMINOMA E1;-588;3002207;113850
362;17;61;;Linfoma en Adultos;;CONFIRMACION DIAGNOSTICA LINFOMA ADULTO;-36;3105001;344690
363;17;61;;Linfoma en Adultos;;ETAPIFICACION LINFOMA ADULTO;-84;3105002;997360
364;17;61;18;Linfoma en Adultos;;SEGUIMIENTO LINFOMA EN PERSONAS DE 15 AÑOS Y MAS;-406;3105102;48770
365;17;61;18;Linfoma en Adultos;;RADIOTERAPIA CON ACELERADOR LINEAL DE ELECTRONES LINFOMA;-477;504000;485150
366;17;61;18;Linfoma en Adultos;;RADIOTERAPIA-TELECOBALTOTERAPIA LINFOMA;-478;505000;384090
367;17;61;18;Linfoma en Adultos;;RADIOTERAPIA CON ACELERADOR LINEAL DE ALTA INTENSIDAD LINFOMA;-479;507001;710500
368;17;61;18;Linfoma en Adultos;;CONTROLES Y EXAMENES POR TRATAMIENTO DE QUIMIOTERAPIA LINFOMA;-509;3105003;1015430
369;17;61;18;Linfoma en Adultos;;QUIMIOTERAPIA LINFOMA ADULTO;-158;3002001;981050
370;17;61;18;Linfoma en Adultos;;QUIMIOTERAPIA LINFOMA ADULTO;-158;3002002;981050
371;17;61;18;Linfoma en Adultos;;QUIMIOTERAPIA LINFOMA ADULTO;-158;3002003;981050
372;17;61;18;Linfoma en Adultos;;QUIMIOTERAPIA LINFOMA ADULTO;-158;3002004;981050
373;17;61;18;Linfoma en Adultos;;QUIMIOTERAPIA LINFOMA ADULTO;-158;3002033;981050
374;17;61;18;Linfoma en Adultos;;QUIMIOTERAPIA RESCATE DE LINFOMAS HODGKIN Y NO HODGKIN PROTOCOLO ESHAP - ICE;-589;3002233;583360
375;18;19;;VIH/SIDA;;SOSPECHA INFECCION POR VIH;-613;3107001;5380
376;18;19;;VIH/SIDA;;EXAMENES GENOTIPIFICACION;-616;3107008;284740
377;18;19;;VIH/SIDA;;SEGUIMIENTO RN Y NIÑOS EXPUESTOS AL VIH (HIJOS DE MADRES  VIH (+));-617;3107314;73790
378;18;19;;VIH/SIDA;;SEGUIMIENTO PERSONAS VIH ADULTOS (+) SIN TRATAMIENTO ANTIRETROVIRAL;-618;3107101;15080
379;18;19;;VIH/SIDA;;SEGUIMIENTO PERSONAS VIH ADULTOS  (+) CON TRATAMIENTO ANTIRETROVIRAL;-619;3107315;13910
380;18;19;;VIH/SIDA;;SEGUIMIENTO PERSONAS VIH MENORES DE 18 AÑOS  (+) CON TRATAMIENTO ANTIRETROVIRAL;-620;3107215;11000
381;22;51;25;Epilepsia No Refractaria;;TRATAMIENTO INTEGRAL AÑO 1 NIVEL PRIMARIO EPILEPSIA NO REFRACTARIA;-245;5402001;44070
382;22;51;25;Epilepsia No Refractaria;;TRATAMIENTO INTEGRAL AÑO 2 NIVEL PRIMARIO EPILEPSIA NO REFRACTARIA;-246;5402002;15860
383;22;51;25;Epilepsia No Refractaria;;TRATAMIENTO AÑO 1 NIVEL SECUNDARIO EPILEPSIA NO REFRACTARIA;-226;5402003;44070
384;22;51;25;Epilepsia No Refractaria;;TRATAMIENTO AÑO 2 NIVEL SECUNDARIO EPILEPSIA NO REFRACTARIA;-227;5402004;15860
385;22;51;25;Epilepsia No Refractaria;;EVALUACION INICIAL EPILEPSIA EN NIVEL SECUNDARIO;-591;5402101;38000
386;24;69;;Prematurez;;CONFIRMACION SINTOMAS PARTO PREMATURO;-51;3114101;63200
387;24;69;;Prematurez;;TRATAMIENTO SINTOMAS PARTO PREMATURO;-271;3114102;221140
388;24;69;;Prematurez;;CONTROL DE EMBARAZADAS CON SINTOMAS PARTO PREMATURO;-59;3114103;21950
389;25;59;28;Marcapaso;;IMPLANTACION MARCAPASOS UNICAMERAL VVI;-115;1703153;1061810
390;25;59;28;Marcapaso;;RECAMBIO MARCAPASO UNICAMERAL VVI;-166;1703148;573240
391;25;59;28;Marcapaso;;IMPLANTACION MARCAPASOS BICAMERAL DDD;-114;1703253;1218930
392;25;59;28;Marcapaso;;RECAMBIO MARCAPASO BICAMERAL DDD;-165;1703248;852190
393;25;59;28;Marcapaso;;SEGUIMIENTO TRASTORNO DE CONDUCCION 1° AÑO;-204;3115002;18090
394;25;59;;Marcapaso;;CONFIRMACION TRASTORNO DE CONDUCCION;-53;3115001;94660
395;25;59;;Marcapaso;;ESTUDIO ELECTROFISIOLOGICO DE ARRITMIAS;-422;1701046;1130260
396;25;59;28;Marcapaso;;SEGUIMIENTO TRASTORNO DE CONDUCCION 2º AÑO;-205;3115102;10830
397;26;31;;Colecistectomía Preventiva;;CONFIRMACION COLECISTECTOMIA;-30;404003;34780
398;26;31;;Colecistectomía Preventiva;;INTERVENCION QUIRURGICA COLELITIASIS;-125;1802028;694060
399;26;31;;Colecistectomía Preventiva;;INTERVENCION QUIRURGICA COLELITIASIS;-125;1802029;694060
400;26;31;;Colecistectomía Preventiva;;INTERVENCION QUIRURGICA COLELITIASIS VIA LAPAROSCOPICA;-592;1802081;605840
401;27;34;;Cáncer Gástrico;;SOSPECHA CANCER GASTRICO: SCREENING NIVEL ESPECIALIDAD;-209;101110;10910
402;27;34;;Cáncer Gástrico;;SOSPECHA CANCER GASTRICO: SCREENING NIVEL ESPECIALIDAD;-209;101113;10910
403;27;34;;Cáncer Gástrico;;SOSPECHA CANCER GASTRICO: SCREENING NIVEL ESPECIALIDAD;-209;101102;10910
404;27;34;;Cáncer Gástrico;;SOSPECHA CANCER GASTRICO: SCREENING NIVEL ESPECIALIDAD;-209;101104;10910
405;27;34;;Cáncer Gástrico;;SOSPECHA CANCER GASTRICO: SCREENING NIVEL ESPECIALIDAD;-209;101108;10910
406;27;34;;Cáncer Gástrico;;SOSPECHA CANCER GASTRICO: SCREENING NIVEL ESPECIALIDAD;-209;101109;10910
407;27;34;;Cáncer Gástrico;;SOSPECHA CANCER GASTRICO: SCREENING NIVEL ESPECIALIDAD;-209;101111;10910
408;27;34;;Cáncer Gástrico;;SOSPECHA CANCER GASTRICO: SCREENING NIVEL ESPECIALIDAD;-209;101112;10910
409;27;34;;Cáncer Gástrico;;CONFIRMACION CANCER GASTRICO NIVEL ESPECIALIDAD;-34;1801037;107950
410;27;34;;Cáncer Gástrico;;CONFIRMACION CANCER GASTRICO NIVEL ESPECIALIDAD;-34;1801001;59560
411;27;34;;Cáncer Gástrico;;CONFIRMACION CANCER GASTRICO NIVEL ESPECIALIDAD;-34;801007;107950
412;27;34;;Cáncer Gástrico;;EVALUACION POST QUIRURGICA CANCER GASTRICO;-510;1801001;59560
413;27;34;;Cáncer Gástrico;;EVALUACION POST QUIRURGICA CANCER GASTRICO;-510;404003;59560
414;27;34;;Cáncer Gástrico;;EVALUACION POST QUIRURGICA CANCER GASTRICO;-510;101110;59560
415;27;34;;Cáncer Gástrico;;EVALUACION POST QUIRURGICA CANCER GASTRICO;-510;101113;59560
416;27;34;;Cáncer Gástrico;;EVALUACION POST QUIRURGICA CANCER GASTRICO;-510;101102;59560
417;27;34;;Cáncer Gástrico;;EVALUACION POST QUIRURGICA CANCER GASTRICO;-510;101104;59560
418;27;34;;Cáncer Gástrico;;EVALUACION POST QUIRURGICA CANCER GASTRICO;-510;101108;59560
419;27;34;;Cáncer Gástrico;;EVALUACION POST QUIRURGICA CANCER GASTRICO;-510;101109;59560
420;27;34;;Cáncer Gástrico;;EVALUACION POST QUIRURGICA CANCER GASTRICO;-510;101111;59560
421;27;34;;Cáncer Gástrico;;EVALUACION POST QUIRURGICA CANCER GASTRICO;-510;101112;59560
422;27;34;;Cáncer Gástrico;;ETAPIFICACION CANCER GASTRICO PERSONAS MAYORES DE 40 AÑOS Y MAS NIVEL ESPECIALIDAD;-593;403014;164810
423;27;34;;Cáncer Gástrico;;ETAPIFICACION CANCER GASTRICO PERSONAS MAYORES DE 40 AÑOS Y MAS NIVEL ESPECIALIDAD;-593;403013;164810
424;27;34;;Cáncer Gástrico;;INTERVENCION QUIRURGICA RESECCION ENDOSCOPICA CANCER GASTRICO INCIPIENTE;-594;6004002;820270
425;27;34;;Cáncer Gástrico;;INTERVENCION QUIRURGICA GASTRECTOMIA CANCER GASTRICO INCIPIENTE POR LAPAROSCOPIA;-595;1802204;2548020
426;27;34;;Cáncer Gástrico;;INTERVENCION QUIRURGICA GASTRECTOMIA CANCER GASTRICO INCIPIENTE POR LAPAROSCOPIA;-595;1802104;820270
427;27;34;;Cáncer Gástrico;;TRATAMIENTO INTERVENCION QUIRURGICA CANCER GASTRICO AVANZADO;-596;1802023;2371210
428;27;34;;Cáncer Gástrico;;TRATAMIENTO INTERVENCION QUIRURGICA CANCER GASTRICO AVANZADO;-596;1802004;2371210
429;27;34;;Cáncer Gástrico;;TRATAMIENTO INTERVENCION QUIRURGICA CANCER GASTRICO AVANZADO;-596;1802012;2371210
430;27;34;;Cáncer Gástrico;;TRATAMIENTO INTERVENCION QUIRURGICA CANCER GASTRICO AVANZADO;-596;1802022;2371210
431;28;32;;Cáncer de Próstata;;INTERVENCION QUIRURGICA ORQUIDECTOMIA;-128;1902065;394510
432;28;32;;Cáncer de Próstata;;ETAPIFICACION CANCER DE PROSTATA;-83;501103;96240
433;28;32;;Cáncer de Próstata;;ETAPIFICACION CANCER DE PROSTATA;-83;403016;96240
434;28;32;;Cáncer de Próstata;;INTERVENCION QUIRURGICA TUMORES MALIGNOS DE PROSTATA;-130;1902057;1780070
435;28;32;;Cáncer de Próstata;;SEGUIMIENTO CANCER DE PROSTATA;-179;305070;121990
436;28;32;;Cáncer de Próstata;;INTERVENCION QUIRURGICA TUMORES MALIGNOS DE PROSTATA;-130;1902055;1780070
437;28;32;;Cáncer de Próstata;;INTERVENCION QUIRURGICA TUMORES MALIGNOS DE PROSTATA;-130;1703038;1780070
438;28;32;;Cáncer de Próstata;;RADIOTERAPIA CON ACELERADOR LINEAL DE ELECTRONES CAPROSTATA;-480;504000;485150
439;28;32;;Cáncer de Próstata;;RADIOTERAPIA-TELECOBALTOTERAPIA CAPROSTATA;-481;505000;384090
440;28;32;;Cáncer de Próstata;;RADIOTERAPIA CON ACELERADOR LINEAL DE ALTA INTENSIDAD CAPROSTATA;-482;507001;710500
441;28;32;;Cáncer de Próstata;;HORMONOTERAPIA INYECTABLE CAPROSTATA;-511;3106102;107510
442;28;32;;Cáncer de Próstata;;HOSPITALIZACION ASOCIADA A QUIMIOTERAPIA CANCER DE PROSTATA;-597;3106203;973400
443;29;43;;Vicios de Refracción;;CONFIRMACION VICIO DE REFRACCION;-56;101113;10910
444;29;43;;Vicios de Refracción;;CONFIRMACION VICIO DE REFRACCION;-56;101110;10910
445;29;43;;Vicios de Refracción;;TRATAMIENTO VICIO DE REFRACCION: LENTES PARA MIOPIA, ASTIGMATISMO, HIPERMETROPIA;-274;3001001;24900
446;30;33;;Estrabismo;;CONFIRMACION ESTRABISMO EN MENORES DE 9 AÑOS;-41;1201009;70310
447;30;33;;Estrabismo;;TRATAMIENTO QUIRURGICO AMBULATORIO ESTRABISMO MENORES DE 9 AÑOS;-266;1202038;295860
448;30;33;;Estrabismo;;TRATAMIENTO QUIRURGICO AMBULATORIO ESTRABISMO MENORES DE 9 AÑOS;-266;3001001;118000
449;30;33;;Estrabismo;;TRATAMIENTO MEDICO ESTRABISMO MENORES DE 9 AÑOS;-309;3001201;118000
450;31;44;;Retinopatía Diabética;;CONFIRMACION RETINOPATIA DIABETICA;-49;101101;17380
451;31;44;;Retinopatía Diabética;;CONFIRMACION RETINOPATIA DIABETICA;-49;101110;17380
452;31;44;;Retinopatía Diabética;;CONFIRMACION RETINOPATIA DIABETICA;-49;101113;17380
453;31;44;;Retinopatía Diabética;;CONFIRMACION RETINOPATIA DIABETICA;-49;101102;17380
454;31;44;;Retinopatía Diabética;;CONFIRMACION RETINOPATIA DIABETICA;-49;101104;17380
455;31;44;;Retinopatía Diabética;;CONFIRMACION RETINOPATIA DIABETICA;-49;101108;17380
456;31;44;;Retinopatía Diabética;;CONFIRMACION RETINOPATIA DIABETICA;-49;101109;17380
457;31;44;;Retinopatía Diabética;;CONFIRMACION RETINOPATIA DIABETICA;-49;101111;17380
458;31;44;;Retinopatía Diabética;;CONFIRMACION RETINOPATIA DIABETICA;-49;101112;17380
459;31;44;;Retinopatía Diabética;;CONFIRMACION RETINOPATIA DIABETICA;-49;1201016;17380
460;31;44;;Retinopatía Diabética;;TRATAMIENTO FOTOCOAGULACION RETINOPATIA DIABETICA;-242;1202057;238820
461;31;44;;Retinopatía Diabética;;TRATAMIENTO VITRECTOMIA RETINOPATIA DIABETICA;-276;1202060;1518340
462;31;44;;Retinopatía Diabética;;TRATAMIENTO VITRECTOMIA RETINOPATIA DIABETICA;-276;1202061;1518340
463;31;44;;Retinopatía Diabética;;TRATAMIENTO VITRECTOMIA RETINOPATIA DIABETICA;-276;1202062;1518340
464;32;35;;Desprendimiento de Retina;;TRATAMIENTO VITRECTOMIA DESPRENDIMIENTO DE RETINA;-275;1202057;1708690
465;32;35;;Desprendimiento de Retina;;TRATAMIENTO VITRECTOMIA DESPRENDIMIENTO DE RETINA;-275;1202060;1708690
466;32;35;;Desprendimiento de Retina;;TRATAMIENTO VITRECTOMIA DESPRENDIMIENTO DE RETINA;-275;1202061;1708690
467;32;35;;Desprendimiento de Retina;;TRATAMIENTO VITRECTOMIA DESPRENDIMIENTO DE RETINA;-275;1202062;1708690
468;32;35;;Desprendimiento de Retina;;CIRUGIA DESPRENDIMIENTO DE RETINA;-18;1202056;237240
469;32;35;;Desprendimiento de Retina;;CONFIRMACION DESPRENDIMIENTO DE RETINA;-35;101113;10910
470;32;35;;Desprendimiento de Retina;;CONFIRMACION DESPRENDIMIENTO DE RETINA;-35;101110;10910
471;33;36;;Hemofilia;;CONFIRMACION HEMOFILIA;-43;301025;108810
472;33;36;;Hemofilia;;CONFIRMACION HEMOFILIA;-43;301106;108810
473;33;36;;Hemofilia;;PROFILAXIS EN MENORES DE 15 AÑOS;-387;3301001;1744000
474;33;36;;Hemofilia;;TRATAMIENTO DE EVENTOS GRAVES PARA PERSONAS DE 15 AÑOS Y MAS;-389;3301002;10705780
475;33;36;;Hemofilia;;TRATAMIENTO DE EVENTOS GRAVES PARA PERSONAS MENORES DE 15 AÑOS;-374;3301003;6059560
476;33;36;;Hemofilia;;EXAMENES ANUALES DE CONTROL HEMATOLOGICO PARA TODO PACIENTE HEMOFILICO;-377;3301006;26090
477;33;36;;Hemofilia;;EXAMENES ANUALES DE CONTROL MICROBIOLOGICO E IMAGENOLOGICO PARA TODO PACIENTE HEMOFILICO;-378;3301007;78640
478;33;36;;Hemofilia;;TRATAMIENTO ARTROPATIA HEMOFIFICA DOLOROSA;-598;2101001;156510
479;34;38;;Depresión;;TRATAMIENTO DEPRESION MODERADA;-492;3103204;30670
480;34;38;;Depresión;;TRATAMIENTO DEPRESION GRAVE AÑO 1;-493;3103205;9840
481;34;38;;Depresión;;TRATAMIENTO DEPRESION CON PSICOSIS, TRASTORNO BIPOLAR, ALTO RIESGO SUICIDA, O REFRACTARIEDAD AÑO 1;-494;3103003;30670
482;34;38;;Depresión;;TRATAMIENTO DEPRESION GRAVE Y TRATAMIENTO DEPRESION CON PSICOSIS, TRASTORNO BIPOLAR, ALTO RIESGO SUICIDA, O REFRACTARIEDAD AÑO 2;-495;3103104;7210
483;35;37;;Hiperplasia de Próstata;;TRATAMIENTO QUIRURGICO HIPERPLASIA DE PROSTATA;-268;1902055;796820
484;35;37;;Hiperplasia de Próstata;;TRATAMIENTO QUIRURGICO HIPERPLASIA DE PROSTATA;-268;1902056;796820
485;35;37;;Hiperplasia de Próstata;;EVALUACION POST QUIRURGICA HIPERPLASIA PROSTATA;-496;101112;11430
486;35;37;;Hiperplasia de Próstata;;EVALUACION POST QUIRURGICA HIPERPLASIA PROSTATA;-496;101109;11430
487;35;37;;Hiperplasia de Próstata;;TRATAMIENTO FARMACOLOGICO HIPERPLASIA PROSTATA;-599;3902035;22580
488;36;45;;Ortesis;;ATENCION KINESIOLOGICA;-6;102006;3090
489;36;45;;Ortesis;;ORTESIS (BASTON);-134;3001003;12360
490;36;45;;Ortesis;;ORTESIS (SILLA DE RUEDAS);-137;3001004;251210
491;36;45;;Ortesis;;ORTESIS (ANDADOR);-133;3001005;35170
492;36;45;;Ortesis;;ORTESIS (ANDADOR DE PASEO);-132;3001105;91670
493;36;45;;Ortesis;;ORTESIS (COJIN ANTIESCARAS);-135;3001007;33610
494;36;45;;Ortesis;;ORTESIS (COLCHON ANTIESCARAS);-136;3001006;149080
495;37;39;;Accidente Cerebrovascular;;CONFIRMACION ACCIDENTE CEREBRO VASCULAR ISQUEMICO;-27;403001;75010
496;37;39;;Accidente Cerebrovascular;;TRATAMIENTO ACCIDENTE CEREBRO VASCULAR ISQUEMICO;-219;1703014;862250
497;37;39;;Accidente Cerebrovascular;;TRATAMIENTO ACCIDENTE CEREBRO VASCULAR ISQUEMICO;-219;101110;862250
498;37;39;;Accidente Cerebrovascular;;TRATAMIENTO ACCIDENTE CEREBRO VASCULAR ISQUEMICO;-219;404019;862250
499;37;39;;Accidente Cerebrovascular;;TRATAMIENTO ACCIDENTE CEREBRO VASCULAR ISQUEMICO;-219;405001;862250
500;37;39;;Accidente Cerebrovascular;;TRATAMIENTO ACCIDENTE CEREBRO VASCULAR ISQUEMICO;-219;1101113;862250
501;37;39;;Accidente Cerebrovascular;;TRATAMIENTO ACCIDENTE CEREBRO VASCULAR ISQUEMICO;-219;203001;862250
502;37;39;;Accidente Cerebrovascular;;TRATAMIENTO ACCIDENTE CEREBRO VASCULAR ISQUEMICO;-219;203102;862250
503;37;39;;Accidente Cerebrovascular;;TRATAMIENTO ACCIDENTE CEREBRO VASCULAR ISQUEMICO;-219;203103;862250
504;37;39;;Accidente Cerebrovascular;;TRATAMIENTO ACCIDENTE CEREBRO VASCULAR ISQUEMICO;-219;203002;862250
505;37;39;;Accidente Cerebrovascular;;TRATAMIENTO ACCIDENTE CEREBRO VASCULAR ISQUEMICO;-219;203016;862250
506;37;39;;Accidente Cerebrovascular;;TRATAMIENTO ACCIDENTE CEREBRO VASCULAR ISQUEMICO;-219;203005;862250
507;37;39;;Accidente Cerebrovascular;;SEGUIMIENTO AVE;-172;3701001;20340
508;38;40;;Enfermedad Pulmonar Obstructiva Crónica;;TRATAMIENTO ALTO RIESGO;-220;3801002;79040
509;39;42;;Asma Bronquial;;TRATAMIENTO ASMA MODERADO A SEVERO ESTABLE EN NIVEL ESPECIALIDADAES;-224;3901002;24570
510;39;42;;Asma Bronquial;;TRATAMIENTO EXACERBACIONES ESPECIALIDAD;-238;3901004;17530
511;40;41;;Síndrome de Dificultad Respiratoria;;ENFERMEDAD DE LA MEMBRANA HIALINA. CONFIRMACION Y TRATAMIENTO;-74;6040001;5012670
512;40;41;;Síndrome de Dificultad Respiratoria;;HERNIA DIAFRAGMATICA: CONFIRMACION Y TRATAMIENTO;-99;6040101;3500170
513;40;41;;Síndrome de Dificultad Respiratoria;;HERNIA DIAFRAGMATICA: TRATAMIENTO ESPECIALIZADO CON OXIDO NITRICO;-100;6040102;4555890
514;40;41;;Síndrome de Dificultad Respiratoria;;HIPERTENSION PULMONAR PERSISTENTE: CONFIRMACION Y TRATAMIENTO;-103;6040201;3616100
515;40;41;;Síndrome de Dificultad Respiratoria;;HIPERTENSION PULMONAR PERSISTENTE Y ASPIRACION DE MICONIO: TRATAMIENTO ESPECIALIZADO CON OXIDO NITRICO;-102;6040202;3331430
516;40;41;;Síndrome de Dificultad Respiratoria;;ASPIRACION DE MECONIO: CONFIRMACION Y TRATAMIENTO;-5;6040301;2075610
517;40;41;;Síndrome de Dificultad Respiratoria;;BRONCONEUMONIA: CONFIRMACION Y TRATAMIENTO;-9;6040401;1294730
518;41;111;;Artrosis de Cadera y/o Rodilla Leve o Moderada;;TRATAMIENTO ARTROSIS NIVEL SECUNDARIA;-223;101102;81960
519;41;111;;Artrosis de Cadera y/o Rodilla Leve o Moderada;;TRATAMIENTO ARTROSIS NIVEL SECUNDARIA;-223;101104;81960
520;41;111;;Artrosis de Cadera y/o Rodilla Leve o Moderada;;TRATAMIENTO ARTROSIS NIVEL SECUNDARIA;-223;101108;81960
521;41;111;;Artrosis de Cadera y/o Rodilla Leve o Moderada;;TRATAMIENTO ARTROSIS NIVEL SECUNDARIA;-223;101109;81960
522;41;111;;Artrosis de Cadera y/o Rodilla Leve o Moderada;;TRATAMIENTO ARTROSIS NIVEL SECUNDARIA;-223;101110;81960
523;41;111;;Artrosis de Cadera y/o Rodilla Leve o Moderada;;TRATAMIENTO ARTROSIS NIVEL SECUNDARIA;-223;101111;81960
524;41;111;;Artrosis de Cadera y/o Rodilla Leve o Moderada;;TRATAMIENTO ARTROSIS NIVEL SECUNDARIA;-223;101112;81960
525;41;111;;Artrosis de Cadera y/o Rodilla Leve o Moderada;;TRATAMIENTO ARTROSIS NIVEL SECUNDARIA;-223;101113;81960
526;41;111;;Artrosis de Cadera y/o Rodilla Leve o Moderada;;TRATAMIENTO ARTROSIS NIVEL SECUNDARIA;-223;102006;81960
527;41;111;;Artrosis de Cadera y/o Rodilla Leve o Moderada;;TRATAMIENTO ARTROSIS NIVEL SECUNDARIA;-223;2101001;81960
528;42;112;;Hemorragia por Aneurismas Cerebrales;;TRATAMIENTO QUIRURGICO RUPTURA ANEURISMA CEREBRAL;-264;1103027;4641070
529;42;112;;Hemorragia por Aneurismas Cerebrales;;TRATAMIENTO VIA VASCULAR COIL DE RUPTURA ANEURISMA CEREBRAL;-277;1103000;13552750
530;42;112;;Hemorragia por Aneurismas Cerebrales;;CONFIRMACION RUPTURA ANEURISMA CEREBRAL;-50;101113;716030
531;42;112;;Hemorragia por Aneurismas Cerebrales;;CONFIRMACION RUPTURA ANEURISMA CEREBRAL;-50;1101113;716030
532;42;112;;Hemorragia por Aneurismas Cerebrales;;CONFIRMACION RUPTURA ANEURISMA CEREBRAL;-50;403001;716030
533;42;112;;Hemorragia por Aneurismas Cerebrales;;SEGUIMIENTO RUPTURA ANEURISMA CEREBRAL;-203;101102;137110
534;42;112;;Hemorragia por Aneurismas Cerebrales;;SEGUIMIENTO RUPTURA ANEURISMA CEREBRAL;-203;101104;137110
535;42;112;;Hemorragia por Aneurismas Cerebrales;;SEGUIMIENTO RUPTURA ANEURISMA CEREBRAL;-203;101110;137110
536;42;112;;Hemorragia por Aneurismas Cerebrales;;SEGUIMIENTO RUPTURA ANEURISMA CEREBRAL;-203;101113;137110
537;42;112;;Hemorragia por Aneurismas Cerebrales;;SEGUIMIENTO RUPTURA ANEURISMA CEREBRAL;-203;1101113;137110
538;42;112;;Hemorragia por Aneurismas Cerebrales;;SEGUIMIENTO RUPTURA ANEURISMA CEREBRAL;-203;403001;137110
539;42;112;;Hemorragia por Aneurismas Cerebrales;;TRATAMIENTO DE COMPLICACIONES: DRENAJE VENTRICULAR;-600;1103018;580030
540;43;113;;Tumores Primarios SNC;;CONFIRMACION TUMORES PRIMARIOS SISTEMA NERVIOSO CENTRAL;-55;101102;1617980
541;43;113;;Tumores Primarios SNC;;CONFIRMACION TUMORES PRIMARIOS SISTEMA NERVIOSO CENTRAL;-55;101104;1617980
542;43;113;;Tumores Primarios SNC;;CONFIRMACION TUMORES PRIMARIOS SISTEMA NERVIOSO CENTRAL;-55;101110;1617980
543;43;113;;Tumores Primarios SNC;;CONFIRMACION TUMORES PRIMARIOS SISTEMA NERVIOSO CENTRAL;-55;101113;1617980
544;43;113;;Tumores Primarios SNC;;CONFIRMACION TUMORES PRIMARIOS SISTEMA NERVIOSO CENTRAL;-55;403001;1617980
545;43;113;;Tumores Primarios SNC;;CONFIRMACION TUMORES PRIMARIOS SISTEMA NERVIOSO CENTRAL;-55;405001;1617980
546;43;113;;Tumores Primarios SNC;;CONFIRMACION TUMORES PRIMARIOS SISTEMA NERVIOSO CENTRAL;-55;1103042;1617980
547;43;113;;Tumores Primarios SNC;;CONFIRMACION TUMORES PRIMARIOS SISTEMA NERVIOSO CENTRAL;-55;1103018;1617980
548;43;113;;Tumores Primarios SNC;;CONFIRMACION TUMORES PRIMARIOS SISTEMA NERVIOSO CENTRAL;-55;801008;1617980
549;43;113;;Tumores Primarios SNC;;TRATAMIENTO QUIRURGICO TUMORES PRIMARIOS SISTEMA NERVIOSO CENTRAL;-265;1103024;3192590
550;43;113;;Tumores Primarios SNC;;TRATAMIENTO QUIRURGICO TUMORES PRIMARIOS SISTEMA NERVIOSO CENTRAL;-265;1103025;3192590
551;43;113;;Tumores Primarios SNC;;TRATAMIENTO QUIRURGICO TUMORES PRIMARIOS SISTEMA NERVIOSO CENTRAL;-265;1103026;3192590
552;43;113;;Tumores Primarios SNC;;TRATAMIENTO RADIOTERAPIA TUMORES PRIMARIOS SISTEMA NERVIOSO CENTRAL;-269;504000;710920
553;43;113;;Tumores Primarios SNC;;TRATAMIENTO RADIOTERAPIA TUMORES PRIMARIOS SISTEMA NERVIOSO CENTRAL;-269;505000;710920
554;43;113;;Tumores Primarios SNC;;TRATAMIENTO RADIOTERAPIA TUMORES PRIMARIOS SISTEMA NERVIOSO CENTRAL;-269;507001;710920
555;43;113;;Tumores Primarios SNC;;TRATAMIENTO ACROMEGALIA;-499;3904001;950290
556;43;113;;Tumores Primarios SNC;;TRATAMIENTO DIABETES INSIPIDA;-500;3904002;153620
557;43;113;;Tumores Primarios SNC;;TRATAMIENTO ENFERMEDAD DE CUSHING;-601;3904003;171800
558;43;113;;Tumores Primarios SNC;;TRATAMIENTO MEDICAMENTOSO INDEFINIDO TUMORES HIPOFISIARIOS NO FUNCIONANTES;-602;3904004;57580
559;43;113;;Tumores Primarios SNC;;TRATAMIENTO MEDICAMENTOSO INDEFINIDO Y SEGUIMIENTO PROLACTINOMAS;-603;3904005;97760
560;44;114;;Hernia Núcleo Pulposo Lumbar;;TRATAMIENTO QUIRURGICO HERNIA NUCLEO PULPOSO LUMBAR;-263;1103049;890470
561;44;114;;Hernia Núcleo Pulposo Lumbar;;SEGUIMIENTO HERNIA NUCLEO PULPOSO LUMBAR;-187;101102;87190
562;44;114;;Hernia Núcleo Pulposo Lumbar;;SEGUIMIENTO HERNIA NUCLEO PULPOSO LUMBAR;-187;101104;87190
563;44;114;;Hernia Núcleo Pulposo Lumbar;;SEGUIMIENTO HERNIA NUCLEO PULPOSO LUMBAR;-187;101108;87190
564;44;114;;Hernia Núcleo Pulposo Lumbar;;SEGUIMIENTO HERNIA NUCLEO PULPOSO LUMBAR;-187;101109;87190
565;44;114;;Hernia Núcleo Pulposo Lumbar;;SEGUIMIENTO HERNIA NUCLEO PULPOSO LUMBAR;-187;101110;87190
566;44;114;;Hernia Núcleo Pulposo Lumbar;;SEGUIMIENTO HERNIA NUCLEO PULPOSO LUMBAR;-187;101111;87190
567;44;114;;Hernia Núcleo Pulposo Lumbar;;SEGUIMIENTO HERNIA NUCLEO PULPOSO LUMBAR;-187;101112;87190
568;44;114;;Hernia Núcleo Pulposo Lumbar;;SEGUIMIENTO HERNIA NUCLEO PULPOSO LUMBAR;-187;101113;87190
569;44;114;;Hernia Núcleo Pulposo Lumbar;;SEGUIMIENTO HERNIA NUCLEO PULPOSO LUMBAR;-187;102006;87190
570;45;115;;Leucemia Adulto;206;QUIMIOTERAPIA LEUCEMIA MIELOIDE CRONICA;-157;3002105;43530
571;45;115;;Leucemia Adulto;205;QUIMIOTERAPIA LEUCEMIA AGUDA: LEUCEMIA LINFOBLASTICA;-153;3002005;220300
572;45;115;;Leucemia Adulto;205;QUIMIOTERAPIA LEUCEMIA AGUDA: RECAIDA DE LEUCEMIAS LINFOBLASTICAS;-156;3002133;1122550
573;45;115;;Leucemia Adulto;205;QUIMIOTERAPIA LEUCEMIA AGUDA: LEUCEMIA NO LINFOBLASTICA - LEUCEMIA MIELOIDE (LNLA);-154;3002106;747160
574;45;115;;Leucemia Adulto;205;QUIMIOTERAPIA LEUCEMIA AGUDA: LEUCEMIA PROMIELOCITICA AGUDA;-155;3002006;294250
575;45;115;;Leucemia Adulto;206;QUIMIOTERAPIA LEUCEMIA LINFATICA CRONICA;-301;3002205;405050
576;45;115;;Leucemia Adulto;205;CONFIRMACION LEUCEMIA AGUDA;-44;101110;120420
577;45;115;;Leucemia Adulto;205;CONFIRMACION LEUCEMIA AGUDA;-44;101113;600120
578;45;115;;Leucemia Adulto;205;CONFIRMACION LEUCEMIA AGUDA;-44;301045;600120
579;45;115;;Leucemia Adulto;205;ESTUDIO LEUCEMIA AGUDA;-77;301003;1633030
580;45;115;;Leucemia Adulto;205;ESTUDIO LEUCEMIA AGUDA;-77;404003;1633030
581;45;115;;Leucemia Adulto;205;ESTUDIO LEUCEMIA AGUDA;-77;401070;1633030
582;45;115;;Leucemia Adulto;206;CONFIRMACION LEUCEMIA MIELOIDE CRONICA Y LINFATICA CRONICA;-45;101110;120420
583;45;115;;Leucemia Adulto;206;CONFIRMACION LEUCEMIA MIELOIDE CRONICA Y LINFATICA CRONICA;-45;101113;120420
584;45;115;;Leucemia Adulto;206;CONFIRMACION LEUCEMIA MIELOIDE CRONICA Y LINFATICA CRONICA;-45;301045;120420
585;45;115;;Leucemia Adulto;205;TRATAMIENTO LEUCEMIA AGUDA POR QUIMIOTERAPIA;-250;101110;120420
586;45;115;;Leucemia Adulto;205;TRATAMIENTO LEUCEMIA AGUDA POR QUIMIOTERAPIA;-250;101113;7417170
587;45;115;;Leucemia Adulto;205;TRATAMIENTO LEUCEMIA AGUDA POR QUIMIOTERAPIA;-250;702006;7417170
588;45;115;;Leucemia Adulto;206;TRATAMIENTO LEUCEMIA CRONICA POR QUIMIOTERAPIA;-251;101110;120420
589;45;115;;Leucemia Adulto;206;TRATAMIENTO LEUCEMIA CRONICA POR QUIMIOTERAPIA;-251;101113;396630
590;45;115;;Leucemia Adulto;206;TRATAMIENTO LEUCEMIA CRONICA POR QUIMIOTERAPIA;-251;301045;396630
591;45;115;;Leucemia Adulto;205;SEGUIMIENTO LEUCEMIA AGUDA;-190;101110;120420
592;45;115;;Leucemia Adulto;205;SEGUIMIENTO LEUCEMIA AGUDA;-190;101111;28570
593;45;115;;Leucemia Adulto;205;SEGUIMIENTO LEUCEMIA AGUDA;-190;101112;28570
594;45;115;;Leucemia Adulto;205;SEGUIMIENTO LEUCEMIA AGUDA;-190;101113;28570
595;45;115;;Leucemia Adulto;205;SEGUIMIENTO LEUCEMIA AGUDA;-190;301045;28570
596;45;115;;Leucemia Adulto;206;SEGUIMIENTO LEUCEMIA MIELOIDE CRONICA  PRIMER AÑO;-192;101110;120420
597;45;115;;Leucemia Adulto;206;SEGUIMIENTO LEUCEMIA MIELOIDE CRONICA  PRIMER AÑO;-192;101113;49340
598;45;115;;Leucemia Adulto;206;SEGUIMIENTO LEUCEMIA MIELOIDE CRONICA  PRIMER AÑO;-192;301045;49340
599;45;115;;Leucemia Adulto;206;SEGUIMIENTO LEUCEMIA MIELOIDE CRONICA  PRIMER AÑO;-192;304001;49340
600;45;115;;Leucemia Adulto;206;SEGUIMIENTO LEUCEMIA LINFATICA CRONICA  PRIMER AÑO;-191;301045;16210
601;45;115;;Leucemia Adulto;205;QUIMIOTERAPIA LEUCEMIA AGUDA: RECAIDA DE LEUCEMIA NO LINFOBLASTICA - LEUCEMIA MIELOIDE (LNLA);-447;3002206;16210
602;45;115;;Leucemia Adulto;206;SEGUIMIENTO LEUCEMIA LINFATICA CRONICA  PRIMER AÑO;241;102110;16210
603;45;115;;Leucemia Adulto;206;SEGUIMIENTO LEUCEMIA LINFATICA CRONICA  PRIMER AÑO;241;101213;16210
604;45;115;;Leucemia Adulto;206;ESTUDIO LEUCEMIA CRONICA;-78;301103;1633030
605;45;115;;Leucemia Adulto;206;ESTUDIO LEUCEMIA CRONICA;-78;401170;1633030
606;45;115;;Leucemia Adulto;206;ESTUDIO LEUCEMIA CRONICA;-78;404103;1633030
607;45;115;;Leucemia Adulto;206;TRATAMIENTO LEUCEMIA CRONICA POR QUIMIOTERAPIA;-251;702106;396630
608;45;115;;Leucemia Adulto;206;QUIMIOTERAPIA LEUCEMIA MIELOIDE CRONICA: TRATAMIENTO INHIBIDOR TIROSIN KINASA;-604;3002115;2707120
609;45;115;;Leucemia Adulto;206;QUIMIOTERAPIA LEUCEMIA MIELOIDE CRONICA EOSINOFILICA Y RECOMBINACION DEL GEN FIP1L1-PDGFRA;-605;3002116;413340
610;47;116;;Salud Oral Adulto;;ATENCION ODONTOLOGICA DEL ADULTO DE 60 AÑOS;-7;2701013;282280
611;47;116;;Salud Oral Adulto;;ATENCION ODONTOLOGICA DEL ADULTO DE 60 AÑOS;-7;2701009;282280
612;47;116;;Salud Oral Adulto;;ATENCION ODONTOLOGICA DEL ADULTO DE 60 AÑOS;-7;2701003;282280
613;47;116;;Salud Oral Adulto;;ATENCION ODONTOLOGICA DEL ADULTO DE 60 AÑOS;-7;2702002;282280
614;47;116;;Salud Oral Adulto;;ATENCION ODONTOLOGICA DEL ADULTO DE 60 AÑOS;-7;2701005;282280
615;47;116;;Salud Oral Adulto;;ATENCION ODONTOLOGICA DEL ADULTO DE 60 AÑOS;-7;2702007;282280
616;47;116;;Salud Oral Adulto;;ATENCION ODONTOLOGICA DEL ADULTO DE 60 AÑOS;-7;2702008;282280
617;48;117;;Politraumatizado Grave;;TRATAMIENTO POLITRAUMATIZADO SIN LESION MEDULAR;-260;204005;6657940
618;48;117;;Politraumatizado Grave;;TRATAMIENTO POLITRAUMATIZADO CON LESION MEDULAR;-259;204006;12975050
619;49;118;;Traumatismo Craneoencefálico Moderado o Grave;;CONFIRMACION TEC MODERADO Y SEVERO;-52;101102;99450
620;49;118;;Traumatismo Craneoencefálico Moderado o Grave;;CONFIRMACION TEC MODERADO Y SEVERO;-52;101104;99450
621;49;118;;Traumatismo Craneoencefálico Moderado o Grave;;CONFIRMACION TEC MODERADO Y SEVERO;-52;101110;99450
622;49;118;;Traumatismo Craneoencefálico Moderado o Grave;;CONFIRMACION TEC MODERADO Y SEVERO;-52;101111;99450
623;49;118;;Traumatismo Craneoencefálico Moderado o Grave;;CONFIRMACION TEC MODERADO Y SEVERO;-52;101113;99450
624;49;118;;Traumatismo Craneoencefálico Moderado o Grave;;CONFIRMACION TEC MODERADO Y SEVERO;-52;403001;99450
625;49;118;;Traumatismo Craneoencefálico Moderado o Grave;;CONFIRMACION TEC MODERADO Y SEVERO;-52;401043;99450
626;49;118;;Traumatismo Craneoencefálico Moderado o Grave;;TRATAMIENTO TEC MODERADO Y SEVERO;-272;1101101;2523990
627;49;118;;Traumatismo Craneoencefálico Moderado o Grave;;TRATAMIENTO TEC MODERADO Y SEVERO;-272;203002;2523990
628;49;118;;Traumatismo Craneoencefálico Moderado o Grave;;TRATAMIENTO TEC MODERADO Y SEVERO;-272;203005;2523990
629;49;118;;Traumatismo Craneoencefálico Moderado o Grave;;TRATAMIENTO TEC MODERADO Y SEVERO;-272;1103003;2523990
630;49;118;;Traumatismo Craneoencefálico Moderado o Grave;;TRATAMIENTO TEC MODERADO Y SEVERO;-272;1103050;2523990
631;49;118;;Traumatismo Craneoencefálico Moderado o Grave;;TRATAMIENTO TEC MODERADO Y SEVERO;-272;1103014;2523990
632;49;118;;Traumatismo Craneoencefálico Moderado o Grave;;TRATAMIENTO TEC MODERADO Y SEVERO;-272;203001;2523990
633;50;119;;Trauma Ocular Grave;;CONFIRMACION TRAUMA OCULAR GRAVE;-54;101102;54180
634;50;119;;Trauma Ocular Grave;;CONFIRMACION TRAUMA OCULAR GRAVE;-54;101104;54180
635;50;119;;Trauma Ocular Grave;;CONFIRMACION TRAUMA OCULAR GRAVE;-54;101110;54180
636;50;119;;Trauma Ocular Grave;;CONFIRMACION TRAUMA OCULAR GRAVE;-54;101111;54180
637;50;119;;Trauma Ocular Grave;;CONFIRMACION TRAUMA OCULAR GRAVE;-54;101113;54180
638;50;119;;Trauma Ocular Grave;;CONFIRMACION TRAUMA OCULAR GRAVE;-54;401031;54180
639;50;119;;Trauma Ocular Grave;;SEGUIMIENTO TRAUMA OCULAR SEVERO;-206;101102;54180
640;50;119;;Trauma Ocular Grave;;SEGUIMIENTO TRAUMA OCULAR SEVERO;-206;101104;10910
641;50;119;;Trauma Ocular Grave;;SEGUIMIENTO TRAUMA OCULAR SEVERO;-206;101110;10910
642;50;119;;Trauma Ocular Grave;;SEGUIMIENTO TRAUMA OCULAR SEVERO;-206;101113;10910
643;50;119;;Trauma Ocular Grave;;TRATAMIENTO QUIRURGICO TRAUMA OCULAR GRAVE;-363;1202002;997020
644;50;119;;Trauma Ocular Grave;;TRATAMIENTO QUIRURGICO TRAUMA OCULAR GRAVE;-363;1202003;997020
645;50;119;;Trauma Ocular Grave;;TRATAMIENTO QUIRURGICO TRAUMA OCULAR GRAVE;-363;1202025;997020
646;50;119;;Trauma Ocular Grave;;TRATAMIENTO QUIRURGICO TRAUMA OCULAR GRAVE;-363;1202031;997020
647;50;119;;Trauma Ocular Grave;;TRATAMIENTO QUIRURGICO TRAUMA OCULAR GRAVE;-363;1202034;997020
648;50;119;;Trauma Ocular Grave;;TRATAMIENTO QUIRURGICO TRAUMA OCULAR GRAVE;-363;1202035;997020
649;50;119;;Trauma Ocular Grave;;TRATAMIENTO QUIRURGICO TRAUMA OCULAR GRAVE;-363;1202037;997020
650;50;119;;Trauma Ocular Grave;;TRATAMIENTO QUIRURGICO TRAUMA OCULAR GRAVE;-363;1202038;997020
651;50;119;;Trauma Ocular Grave;;TRATAMIENTO QUIRURGICO TRAUMA OCULAR GRAVE;-363;1202040;997020
652;50;119;;Trauma Ocular Grave;;TRATAMIENTO QUIRURGICO TRAUMA OCULAR GRAVE;-363;1202044;997020
653;50;119;;Trauma Ocular Grave;;TRATAMIENTO QUIRURGICO TRAUMA OCULAR GRAVE;-363;1202045;997020
654;50;119;;Trauma Ocular Grave;;TRATAMIENTO QUIRURGICO TRAUMA OCULAR GRAVE;-363;1202048;997020
655;50;119;;Trauma Ocular Grave;;TRATAMIENTO QUIRURGICO TRAUMA OCULAR GRAVE;-363;1202053;997020
656;50;119;;Trauma Ocular Grave;;TRATAMIENTO QUIRURGICO TRAUMA OCULAR GRAVE;-363;1202055;997020
657;50;119;;Trauma Ocular Grave;;TRATAMIENTO QUIRURGICO TRAUMA OCULAR GRAVE;-363;1202056;997020
658;50;119;;Trauma Ocular Grave;;TRATAMIENTO QUIRURGICO TRAUMA OCULAR GRAVE;-363;1202060;997020
659;50;119;;Trauma Ocular Grave;;TRATAMIENTO QUIRURGICO TRAUMA OCULAR GRAVE;-363;1202061;997020
660;50;119;;Trauma Ocular Grave;;TRATAMIENTO QUIRURGICO TRAUMA OCULAR GRAVE;-363;1202065;997020
661;50;119;;Trauma Ocular Grave;;TRATAMIENTO QUIRURGICO TRAUMA OCULAR GRAVE;-363;1202068;997020
662;50;119;;Trauma Ocular Grave;;TRATAMIENTO QUIRURGICO TRAUMA OCULAR GRAVE;-363;1202069;997020
663;50;119;;Trauma Ocular Grave;;TRATAMIENTO QUIRURGICO TRAUMA OCULAR GRAVE;-363;1202071;997020
664;50;119;;Trauma Ocular Grave;;TRATAMIENTO QUIRURGICO TRAUMA OCULAR GRAVE;-363;1202072;997020
665;50;119;;Trauma Ocular Grave;;TRATAMIENTO QUIRURGICO TRAUMA OCULAR GRAVE;-363;1202075;997020
666;50;119;;Trauma Ocular Grave;;TRATAMIENTO MEDICO TRAUMA OCULAR GRAVE;-364;404013;400760
667;50;119;;Trauma Ocular Grave;;TRATAMIENTO MEDICO TRAUMA OCULAR GRAVE;-364;405008;400760
668;50;119;;Trauma Ocular Grave;;TRATAMIENTO QUIRURGICO TRAUMA OCULAR GRAVE;-363;1202039;997020
669;50;119;;Trauma Ocular Grave;;TRATAMIENTO QUIRURGICO TRAUMA OCULAR GRAVE;-363;1202046;997020
670;50;119;;Trauma Ocular Grave;;TRATAMIENTO QUIRURGICO TRAUMA OCULAR GRAVE;-363;1202062;997020
671;50;119;;Trauma Ocular Grave;;TRATAMIENTO QUIRURGICO TRAUMA OCULAR GRAVE;-363;1202063;997020
672;50;119;;Trauma Ocular Grave;;TRATAMIENTO QUIRURGICO TRAUMA OCULAR GRAVE;-363;1202074;997020
673;51;120;;Fibrosis Quística;;TRATAMIENTO FIBROSIS QUISTICA MODERADA;-240;3004002;1114220
674;51;120;;Fibrosis Quística;;TRATAMIENTO FIBROSIS QUISTICA LEVE;-239;3004001;313570
675;51;120;;Fibrosis Quística;;TRATAMIENTO FIBROSIS QUISTICA GRAVE;-501;3004003;1428490
676;51;120;;Fibrosis Quística;;TRATAMIENTO FARMACOLOGICO CON TOBRAMICINA PARA PACIENTES CON FIBROSIS QUISTICA GRAVE;-448;3004004;9588870
677;51;120;;Fibrosis Quística;;ETAPIFICACION PANCREATICA;-606;3004101;68330
678;51;120;;Fibrosis Quística;;INMUNIZACION PACIENTES CON FIBROSIS QUISTICA;-607;3004005;57310
679;52;121;;Artritis Reumatoide;;TRATAMIENTO FARMACOLOGICO TRADICIONAL ARTRITIS REUMATOIDE;-502;101102;30990
680;52;121;;Artritis Reumatoide;;TRATAMIENTO FARMACOLOGICO TRADICIONAL ARTRITIS REUMATOIDE;-502;101104;30990
681;52;121;;Artritis Reumatoide;;TRATAMIENTO FARMACOLOGICO TRADICIONAL ARTRITIS REUMATOIDE;-502;101108;30990
682;52;121;;Artritis Reumatoide;;TRATAMIENTO FARMACOLOGICO TRADICIONAL ARTRITIS REUMATOIDE;-502;101109;30990
683;52;121;;Artritis Reumatoide;;TRATAMIENTO FARMACOLOGICO TRADICIONAL ARTRITIS REUMATOIDE;-502;101110;30990
684;52;121;;Artritis Reumatoide;;TRATAMIENTO FARMACOLOGICO TRADICIONAL ARTRITIS REUMATOIDE;-502;101111;30990
685;52;121;;Artritis Reumatoide;;TRATAMIENTO FARMACOLOGICO TRADICIONAL ARTRITIS REUMATOIDE;-502;101112;30990
686;52;121;;Artritis Reumatoide;;TRATAMIENTO FARMACOLOGICO TRADICIONAL ARTRITIS REUMATOIDE;-502;101113;30990
687;52;121;;Artritis Reumatoide;;TRATAMIENTO FARMACOLOGICO TRADICIONAL ARTRITIS REUMATOIDE;-502;305020;30990
688;52;121;;Artritis Reumatoide;;TRATAMIENTO FARMACOLOGICO TRADICIONAL ARTRITIS REUMATOIDE;-502;102006;30990
689;52;121;;Artritis Reumatoide;;TRATAMIENTO FARMACOLOGICO TRADICIONAL ARTRITIS REUMATOIDE;-502;102007;30990
690;53;122;;Dependencia de Alcohol y Drogas;;PLAN DE SEGUIMIENTO;-143;903002;8280
691;53;122;;Dependencia de Alcohol y Drogas;;PLAN DE SEGUIMIENTO;-143;903004;8280
692;53;122;;Dependencia de Alcohol y Drogas;;TRATAMIENTO INICIAL;-608;904001;56740
693;53;122;;Dependencia de Alcohol y Drogas;;TRATAMIENTO DE REFUERZO;-609;904002;65130
694;54;123;;Analgesia del Parto;;ANALGESIA DEL PARTO;-3;2201102;26040
695;54;123;;Analgesia del Parto;;ANALGESIA DEL PARTO;-3;2201202;26040
696;55;124;;Gran Quemado;;TRATAMIENTO PACIENTE QUEMADO GRAVE EN MENORES DE 15 AÑOS;-257;204002;8330740
697;55;124;;Gran Quemado;;TRATAMIENTO PACIENTE QUEMADO CRITICO EN MENORES DE 15 AÑOS;-255;204003;16593630
698;55;124;;Gran Quemado;;TRATAMIENTO PACIENTE QUEMADO GRAVE DE 15 AÑOS Y MAS;-256;204002;8330740
699;55;124;;Gran Quemado;;TRATAMIENTO PACIENTE QUEMADO SOBREVIDA EXCEPCIONAL DE 15 AÑOS Y MAS;-258;204004;66576330
700;55;124;;Gran Quemado;;TRATAMIENTO PACIENTE QUEMADO CRITICO DE 15 AÑOS Y MAS;-254;204003;16593630
701;55;124;;Gran Quemado;;TRATAMIENTO EN PACIENTE QUEMADO SOBREVIDA EXCEPCIONAL EN MENORES DE 15 AÑOS;-233;204004;66576330
702;55;124;;Gran Quemado;;CIRUGIA REPARADORA PACIENTE QUEMADO GRAVE MENOR DE 15 AÑOS;-503;204102;779820
703;55;124;;Gran Quemado;;CIRUGIA REPARADORA PACIENTE QUEMADO CRITICO MENOR DE 15 AÑOS;-451;204103;779820
704;55;124;;Gran Quemado;;CIRUGIA REPARADORA PACIENTE QUEMADO SOBREVIDA EXCEPCIONAL MENOR DE 15 AÑOS;-450;204104;779820
705;55;124;;Gran Quemado;;CIRUGIA REPARADORA PACIENTE QUEMADO GRAVE DE 15 AÑOS Y MAS;-504;204102;779820
706;55;124;;Gran Quemado;;CIRUGIA REPARADORA PACIENTE QUEMADO CRITICO DE 15 AÑOS Y MAS;-453;204103;779820
707;55;124;;Gran Quemado;;CIRUGIA REPARADORA PACIENTE QUEMADO SOBREVIDA EXCEPCIONAL DE 15 AÑOS Y MAS;-452;204104;779820
708;55;124;;Gran Quemado;;SEGUIMIENTO PACIENTE QUEMADO GRAVE EN MENORES DE 15 AÑOS;-198;101111;157840
709;55;124;;Gran Quemado;;SEGUIMIENTO PACIENTE QUEMADO GRAVE EN MENORES DE 15 AÑOS;-198;102006;157840
710;55;124;;Gran Quemado;;SEGUIMIENTO PACIENTE QUEMADO CRITICO EN MENORES DE 15 AÑOS;-196;101111;157840
711;55;124;;Gran Quemado;;SEGUIMIENTO PACIENTE QUEMADO CRITICO EN MENORES DE 15 AÑOS;-196;102006;157840
712;55;124;;Gran Quemado;;SEGUIMIENTO EN PACIENTE QUEMADO SOBREVIDA EXCEPCIONAL EN MENORES DE 15 AÑOS;-454;101111;157840
713;55;124;;Gran Quemado;;SEGUIMIENTO EN PACIENTE QUEMADO SOBREVIDA EXCEPCIONAL EN MENORES DE 15 AÑOS;-454;102006;157840
714;55;124;;Gran Quemado;;SEGUIMIENTO PACIENTE QUEMADO GRAVE DE 15 AÑOS Y MAS;-197;101111;157840
715;55;124;;Gran Quemado;;SEGUIMIENTO PACIENTE QUEMADO GRAVE DE 15 AÑOS Y MAS;-197;102006;157840
716;55;124;;Gran Quemado;;SEGUIMIENTO PACIENTE QUEMADO GRAVE DE 15 AÑOS Y MAS;-197;102007;157840
717;55;124;;Gran Quemado;;SEGUIMIENTO PACIENTE QUEMADO CRITICO DE 15 AÑOS Y MAS;-195;101111;157840
718;55;124;;Gran Quemado;;SEGUIMIENTO PACIENTE QUEMADO CRITICO DE 15 AÑOS Y MAS;-195;102006;157840
719;55;124;;Gran Quemado;;SEGUIMIENTO PACIENTE QUEMADO SOBREVIDA EXCEPCIONAL DE 15 AÑOS Y MAS;-199;101111;157840
720;55;124;;Gran Quemado;;SEGUIMIENTO PACIENTE QUEMADO SOBREVIDA EXCEPCIONAL DE 15 AÑOS Y MAS;-199;102006;157840
721;55;124;;Gran Quemado;;SEGUIMIENTO Y REHABILITACION 2° AÑO PACIENTE QUEMADO GRAVE MENOR DE 15 AÑOS;-368;101112;60980
722;55;124;;Gran Quemado;;SEGUIMIENTO Y REHABILITACION 2° AÑO PACIENTE QUEMADO GRAVE MENOR DE 15 AÑOS;-368;102106;60980
723;55;124;;Gran Quemado;;SEGUIMIENTO Y REHABILITACION 2° AÑO PACIENTE QUEMADO GRAVE MENOR DE 15 AÑOS;-368;102107;60980
724;55;124;;Gran Quemado;;SEGUIMIENTO Y REHABILITACION 2° AÑO PACIENTE QUEMADO CRITICO MENOR DE 15 AÑOS;-369;101312;60980
725;55;124;;Gran Quemado;;SEGUIMIENTO Y REHABILITACION 2° AÑO PACIENTE QUEMADO CRITICO MENOR DE 15 AÑOS;-369;102206;60980
726;55;124;;Gran Quemado;;SEGUIMIENTO Y REHABILITACION 2° AÑO PACIENTE QUEMADO CRITICO MENOR DE 15 AÑOS;-369;102207;60980
727;55;124;;Gran Quemado;;SEGUIMIENTO Y REHABILITACION 2° AÑO PACIENTE QUEMADO SOBREVIDA EXCEPCIONAL MENOR DE 15 AÑOS;-370;101412;60980
728;55;124;;Gran Quemado;;SEGUIMIENTO Y REHABILITACION 2° AÑO PACIENTE QUEMADO SOBREVIDA EXCEPCIONAL MENOR DE 15 AÑOS;-370;102306;60980
729;55;124;;Gran Quemado;;SEGUIMIENTO Y REHABILITACION 2° AÑO PACIENTE QUEMADO SOBREVIDA EXCEPCIONAL MENOR DE 15 AÑOS;-370;102307;60980
730;55;124;;Gran Quemado;;SEGUIMIENTO Y REHABILITACION 2° AÑO PACIENTE QUEMADO GRAVE DE 15 AÑOS Y MAS;-371;101112;60980
731;55;124;;Gran Quemado;;SEGUIMIENTO Y REHABILITACION 2° AÑO PACIENTE QUEMADO GRAVE DE 15 AÑOS Y MAS;-371;102106;60980
732;55;124;;Gran Quemado;;SEGUIMIENTO Y REHABILITACION 2° AÑO PACIENTE QUEMADO GRAVE DE 15 AÑOS Y MAS;-371;102107;60980
733;55;124;;Gran Quemado;;SEGUIMIENTO Y REHABILITACION 2° AÑO PACIENTE QUEMADO CRITICO DE 15 AÑOS Y MAS;-372;101312;60980
734;55;124;;Gran Quemado;;SEGUIMIENTO Y REHABILITACION 2° AÑO PACIENTE QUEMADO CRITICO DE 15 AÑOS Y MAS;-372;102206;60980
735;55;124;;Gran Quemado;;SEGUIMIENTO Y REHABILITACION 2° AÑO PACIENTE QUEMADO CRITICO DE 15 AÑOS Y MAS;-372;102207;60980
736;55;124;;Gran Quemado;;SEGUIMIENTO Y REHABILITACION 2° AÑO PACIENTE QUEMADO SOBREVIDA EXCEPCIONAL DE 15 AÑOS Y MAS;-373;101412;60980
737;55;124;;Gran Quemado;;SEGUIMIENTO Y REHABILITACION 2° AÑO PACIENTE QUEMADO SOBREVIDA EXCEPCIONAL DE 15 AÑOS Y MAS;-373;102306;60980
738;55;124;;Gran Quemado;;SEGUIMIENTO Y REHABILITACION 2° AÑO PACIENTE QUEMADO SOBREVIDA EXCEPCIONAL DE 15 AÑOS Y MAS;-373;102307;60980
739;56;125;;Hipoacusia Bilateral Adulto Uso de Audífono Requerido;;IMPLEMENTACION AUDIFONOS;-117;1301010;326110
740;56;125;;Hipoacusia Bilateral Adulto Uso de Audífono Requerido;;IMPLEMENTACION AUDIFONOS;-117;3001002;326110
741;56;125;;Hipoacusia Bilateral Adulto Uso de Audífono Requerido;;SEGUIMIENTO A PARTIR DEL PRIMER AÑO;-610;1301021;11440
742;56;125;;Hipoacusia Bilateral Adulto Uso de Audífono Requerido;;SEGUIMIENTO A PARTIR DEL PRIMER AÑO;-610;102005;11440
743;57;170;;Retinopatía del Prematuro;;RETINOPATIA DEL PREMATURO: SOSPECHA Y CONFIRMACION RETINOPATIA;-170;3114202;43610
744;57;170;;Retinopatía del Prematuro;;RETINOPATIA DEL PREMATURO: FOTOCOAGULACION;-169;1202057;548320
745;57;170;;Retinopatía del Prematuro;;RETINOPATIA DEL PREMATURO: CIRUGIA VITREORETINAL;-168;3114203;4343670
746;57;170;;Retinopatía del Prematuro;;SEGUIMIENTO PACIENTES NO QUIRURGICO RETINOPATIA DEL PREMATURO;-200;3114205;19220
747;57;170;;Retinopatía del Prematuro;;SEGUIMIENTO PACIENTE QUIRURGICO RETINOPATIA DEL PREMATURO 1° AÑO;-512;3114204;67820
748;57;170;;Retinopatía del Prematuro;;SEGUIMIENTO PACIENTE QUIRURGICO RETINOPATIA DEL PREMATURO 2° AÑO;-513;3114214;10910
749;58;171;;Displasia Broncopulmonar del Prematuro;;DISPLASIA BRONCOPULMONAR DEL PREMATURO: TRATAMIENTO DISPLASIA BRONCOPULOMONAR;-69;3114401;171060
750;58;171;;Displasia Broncopulmonar del Prematuro;;DISPLASIA BRONCOPULMONAR DEL PREMATURO: SEGUIMIENTO DISPLASIA BRONCOPULMONAR 1° AÑO;-67;3114402;28540
751;58;171;;Displasia Broncopulmonar del Prematuro;;DISPLASIA BRONCOPULMONAR DEL PREMATURO: SEGUIMIENTO DISPLASIA BRONCOPULMONAR 2° AÑO;-68;3114412;18460
752;59;172;;Hipoacusia bilateral del Prematuro;;HIPOACUSIA NEUROSENSORIAL BILATERAL DEL PREMATURO: SCREENING  AUDITIVO AUTOMATIZADO DEL PREMATURO;-109;3114301;17270
753;59;172;;Hipoacusia bilateral del Prematuro;;HIPOACUSIA NEUROSENSORIAL BILATERAL DEL PREMATURO: CONFIRMACION HIPOACUSIA DEL PREMATURO;-104;3114302;64430
754;59;172;;Hipoacusia bilateral del Prematuro;;HIPOACUSIA NEUROSENSORIAL BILATERAL DEL PREMATURO: IMPLEMENTACION BILATERAL AUDIFONO;-106;3001002;2134280
755;59;172;;Hipoacusia bilateral del Prematuro;;HIPOACUSIA NEUROSENSORIAL BILATERAL DEL PREMATURO: IMPLANTE COCLEAR;-105;3114303;21325810
756;59;172;;Hipoacusia bilateral del Prematuro;;HIPOACUSIA NEUROSENSORIAL BILATERAL DEL PREMATURO: REHABILITACION HIPOACUSIA DEL PREMATURO (AUDIFONO E IMPLANTE COCLEAR) 1° AÑO;-107;3114304;11940
757;59;172;;Hipoacusia bilateral del Prematuro;;HIPOACUSIA NEUROSENSORIAL BILATERAL DEL PREMATURO: REHABILITACION HIPOACUSIA DEL PREMATURO (AUDIFONO E IMPLANTE COCLEAR) 2° AÑO;-108;3114314;8370
758;59;172;;Hipoacusia bilateral del Prematuro;;SEGUIMIENTO EN HIPOACUSIA CONFIRMADA DEL PREMATURO TERCER AÑO;-611;3114315;59730
759;60;160;;Epilepsia no Refractaria 15 Años y Más;;TRATAMIENTO  EPILEPSIA NO REFRACTARIA, NIVEL SECUNDARIO;-289;101110;26520
760;60;160;;Epilepsia no Refractaria 15 Años y Más;;TRATAMIENTO  EPILEPSIA NO REFRACTARIA, NIVEL SECUNDARIO;-289;101113;26520
761;60;160;;Epilepsia no Refractaria 15 Años y Más;;TRATAMIENTO  EPILEPSIA NO REFRACTARIA, NIVEL SECUNDARIO;-289;101102;26520
762;60;160;;Epilepsia no Refractaria 15 Años y Más;;TRATAMIENTO  EPILEPSIA NO REFRACTARIA, NIVEL SECUNDARIO;-289;101104;26520
763;60;160;;Epilepsia no Refractaria 15 Años y Más;;TRATAMIENTO  EPILEPSIA NO REFRACTARIA, NIVEL SECUNDARIO;-289;1101004;26520
764;61;161;;Asma Bronquial 15 Años y Más;;CONFIRMACION ASMA BRONQUIAL ATIPICO;-291;101113;59490
765;61;161;;Asma Bronquial 15 Años y Más;;CONFIRMACION ASMA BRONQUIAL ATIPICO;-291;101110;59490
766;61;161;;Asma Bronquial 15 Años y Más;;CONFIRMACION ASMA BRONQUIAL ATIPICO;-291;101102;59490
767;61;161;;Asma Bronquial 15 Años y Más;;CONFIRMACION ASMA BRONQUIAL ATIPICO;-291;101104;59490
768;61;161;;Asma Bronquial 15 Años y Más;;CONFIRMACION ASMA BRONQUIAL ATIPICO;-291;1707002;59490
769;61;161;;Asma Bronquial 15 Años y Más;;TRATAMIENTO ASMA BRONQUIAL NIVEL SECUNDARIO;-293;3902001;41860
770;61;161;;Asma Bronquial 15 Años y Más;;TRATAMIENTO ASMA BRONQUIAL NIVEL SECUNDARIO;-293;3902002;41860
771;61;161;;Asma Bronquial 15 Años y Más;;TRATAMIENTO ASMA BRONQUIAL NIVEL SECUNDARIO;-293;3902003;41860
772;61;161;;Asma Bronquial 15 Años y Más;;TRATAMIENTO ASMA BRONQUIAL NIVEL SECUNDARIO;-293;3902004;41860
773;61;161;;Asma Bronquial 15 Años y Más;;TRATAMIENTO ASMA BRONQUIAL NIVEL SECUNDARIO;-293;3902005;41860
774;61;161;;Asma Bronquial 15 Años y Más;;TRATAMIENTO ASMA BRONQUIAL NIVEL SECUNDARIO;-293;3902006;41860
775;62;162;;Enfermedad de Parkinson;;CONSULTA ESPECIALISTA;-296;101110;10910
776;62;162;;Enfermedad de Parkinson;;CONSULTA ESPECIALISTA;-296;101113;10910
777;62;162;;Enfermedad de Parkinson;;CONSULTA ESPECIALISTA;-296;101102;10910
778;62;162;;Enfermedad de Parkinson;;CONSULTA ESPECIALISTA;-296;101104;10910
779;62;162;;Enfermedad de Parkinson;;CONSULTORIA NEUROLOGO;-297;101201;4600
780;63;163;;Artritis Idiopática Juvenil;;TRATAMIENTO BIOLOGICO ARTRITIS IDIOPATICA JUVENIL (CONSULTAS Y EXAMENES, SIN FARMACOS);-517;305019;36990
781;63;163;;Artritis Idiopática Juvenil;;TRATAMIENTO ARTRITIS IDIOPATICA JUVENIL;-298;101112;65670
782;63;163;;Artritis Idiopática Juvenil;;TRATAMIENTO ARTRITIS IDIOPATICA JUVENIL;-298;101109;65670
783;63;163;;Artritis Idiopática Juvenil;;TRATAMIENTO ARTRITIS IDIOPATICA JUVENIL;-298;101102;65670
784;63;163;;Artritis Idiopática Juvenil;;TRATAMIENTO ARTRITIS IDIOPATICA JUVENIL;-298;101104;65670
785;64;164;;Prevención Secundaria IRCT;;CONSULTA ESPECIALIDAD;-300;101113;10910
786;64;164;;Prevención Secundaria IRCT;;CONSULTA ESPECIALIDAD;-300;101110;10910
787;64;164;;Prevención Secundaria IRCT;;CONSULTA ESPECIALIDAD;-300;101102;10910
788;64;164;;Prevención Secundaria IRCT;;CONSULTA ESPECIALIDAD;-300;101104;10910
789;65;165;;Displasia Luxante de Caderas;;CONFIRMACION DISPLASIA LUXANTE DE CADERAS;-310;101108;13380
790;65;165;;Displasia Luxante de Caderas;;CONFIRMACION DISPLASIA LUXANTE DE CADERAS;-310;101111;13380
791;65;165;;Displasia Luxante de Caderas;;TRATAMIENTO ORTOPEDICO DISPLASIA LUXANTE DE CADERAS;-311;2301029;80790
792;66;166;;Salud Oral Integral de la Embarazada;;TRATAMIENTO SALUD ORAL INTEGRAL DE LA EMBARAZADA NIVEL SECUNDARIO;-313;2702003;126480
793;66;166;;Salud Oral Integral de la Embarazada;;TRATAMIENTO SALUD ORAL INTEGRAL DE LA EMBARAZADA NIVEL SECUNDARIO;-313;2702002;126480
794;66;166;;Salud Oral Integral de la Embarazada;;TRATAMIENTO SALUD ORAL INTEGRAL DE LA EMBARAZADA NIVEL SECUNDARIO;-313;2702102;126480
795;66;166;;Salud Oral Integral de la Embarazada;;TRATAMIENTO SALUD ORAL INTEGRAL DE LA EMBARAZADA NIVEL SECUNDARIO;-313;2702008;126480
796;66;166;;Salud Oral Integral de la Embarazada;;TRATAMIENTO SALUD ORAL INTEGRAL DE LA EMBARAZADA NIVEL SECUNDARIO;-313;2702007;126480
797;67;167;;Esclerosis Múltiple Remitente Recurrente;;CONFIRMACION ESCLEROSIS MULTIPLE REMITENTE RECURRENTE;-314;405001;519480
798;67;167;;Esclerosis Múltiple Remitente Recurrente;;TRATAMIENTO FARMACOLOGICO ESCLEROSIS MULTIPLE REMITENTE RECURRENTE (CONSULTAS Y EXAMENES,SIN FARMACOS);-315;1101140;31260
799;67;167;;Esclerosis Múltiple Remitente Recurrente;;TRATAMIENTO KINESICO ESCLEROSIS MULTIPLE REMITENTE RECURRENTE;-317;601001;27370
800;67;167;;Esclerosis Múltiple Remitente Recurrente;;TRATAMIENTO BROTE ESCLEROSIS MULTIPLE REMITENTE RECURRENTE;-318;203001;965400
801;67;167;;Esclerosis Múltiple Remitente Recurrente;;TRATAMIENTO BROTE ESCLEROSIS MULTIPLE REMITENTE RECURRENTE;-318;203102;965400
802;67;167;;Esclerosis Múltiple Remitente Recurrente;;TRATAMIENTO BROTE ESCLEROSIS MULTIPLE REMITENTE RECURRENTE;-318;203016;965400
803;67;167;;Esclerosis Múltiple Remitente Recurrente;;TRATAMIENTO BROTE ESCLEROSIS MULTIPLE REMITENTE RECURRENTE;-318;3902007;965400
804;68;168;;Hepatitis B;;EVALUACION PACIENTES CON ANTIGENO DE SUPERFICIE  (HBSAG) POSITIVO;-319;101113;299360
805;68;168;;Hepatitis B;;EVALUACION PACIENTES CON ANTIGENO DE SUPERFICIE  (HBSAG) POSITIVO;-319;101110;222240
806;68;168;;Hepatitis B;;EVALUACION PACIENTES CON ANTIGENO DE SUPERFICIE  (HBSAG) POSITIVO;-319;101102;299360
807;68;168;;Hepatitis B;;EVALUACION PACIENTES CON ANTIGENO DE SUPERFICIE  (HBSAG) POSITIVO;-319;101104;299360
808;68;168;;Hepatitis B;;EVALUACION PACIENTES CON ANTIGENO DE SUPERFICIE  (HBSAG) POSITIVO;-319;305100;299360
809;68;168;;Hepatitis B;;CONTROLES A PACIENTES VHB SIN TRATAMIENTO FARMACOLOGICO;-324;101110;222240
810;68;168;;Hepatitis B;;CONTROLES A PACIENTES VHB SIN TRATAMIENTO FARMACOLOGICO;-324;101113;222240
811;68;168;;Hepatitis B;;CONTROLES A PACIENTES VHB SIN TRATAMIENTO FARMACOLOGICO;-324;101102;222240
812;68;168;;Hepatitis B;;CONTROLES A PACIENTES VHB SIN TRATAMIENTO FARMACOLOGICO;-324;101104;222240
813;68;168;;Hepatitis B;;EVALUACION PACIENTE HEPATITIS CRONICA POR VHB MAYORES Y MENORES DE 15 AÑOS EN TRATAMIENTO ANTIVIRAL;-322;305210;241650
814;68;168;;Hepatitis B;;EVALUACION PACIENTE HEPATITIS CRONICA POR VHB MAYORES Y MENORES DE 15 AÑOS EN TRATAMIENTO CON PEGINTERFERON;-323;305220;59630
815;69;169;;Hepatitis C;;CONFIRMACION DEL VIRUS DE HEPATITIS C;-325;305182;51260
816;69;169;;Hepatitis C;;EVALUACION PACIENTE VHC PRE TRATAMIENTO;-326;305201;299360
817;69;169;;Hepatitis C;;TRATAMIENTO FARMACOLOGICO DEL VIRUS HEPATITIS C (CONSULTAS Y EXAMENES, SIN FARMACOS);-514;3902012;50270
818;69;169;;Hepatitis C;;TRATAMIENTO FARMACOLOGICO DEL VIRUS HEPATITIS C (CONSULTAS Y EXAMENES, SIN FARMACOS);-514;3902013;50270
819;69;169;;Hepatitis C;;TRATAMIENTO FARMACOLOGICO DEL VIRUS HEPATITIS C (CONSULTAS Y EXAMENES, SIN FARMACOS);-514;3902014;50270
820;69;169;;Hepatitis C;;TRATAMIENTO FARMACOLOGICO DEL VIRUS HEPATITIS C (CONSULTAS Y EXAMENES, SIN FARMACOS);-514;305200;50270
821;69;169;;Hepatitis C;;EVALUACION PACIENTE VHC PRE TRATAMIENTO;-326;101113;299360
822;69;169;;Hepatitis C;;EVALUACION PACIENTE VHC PRE TRATAMIENTO;-326;101110;299360
823;69;169;;Hepatitis C;;EVALUACION PACIENTE VHC PRE TRATAMIENTO;-326;101102;299360
824;69;169;;Hepatitis C;;EVALUACION PACIENTE VHC PRE TRATAMIENTO;-326;101104;299360
825;69;169;;Hepatitis C;;EVALUACION PACIENTE VHC PRE TRATAMIENTO;-326;305007;299360
826;69;169;;Hepatitis C;;CONTROLES A PACIENTES VHC SIN TRATAMIENTO FARMACOLOGICO;-612;305202;36640
827;70;210;;Cáncer Colorectal 15 Años y Más;;ETAPIFICACION Y EXAMENES PRE OPERATORIOS CANCER DE COLON O COLORECTAL;-524;3001034;292340
828;70;210;;Cáncer Colorectal 15 Años y Más;;CIRUGIA CANCER DE COLON O COLORECTAL;-525;1802067;2490150
829;70;210;;Cáncer Colorectal 15 Años y Más;;CIRUGIA CANCER DE COLON O COLORECTAL;-525;1802068;2490150
830;70;210;;Cáncer Colorectal 15 Años y Más;;CIRUGIA CANCER DE COLON O COLORECTAL;-525;1802070;2490150
831;70;210;;Cáncer Colorectal 15 Años y Más;;CIRUGIA CANCER DE COLON O COLORECTAL;-525;1802039;2490150
832;70;210;;Cáncer Colorectal 15 Años y Más;;CIRUGIA CANCER DE COLON O COLORECTAL;-525;1802041;2490150
833;70;210;;Cáncer Colorectal 15 Años y Más;;CIRUGIA CANCER DE COLON O COLORECTAL;-525;1802008;2490150
834;70;210;;Cáncer Colorectal 15 Años y Más;;CIRUGIA CANCER DE COLON O COLORECTAL;-525;1802009;2490150
835;70;210;;Cáncer Colorectal 15 Años y Más;;RECONSTITUCION DEL TRANSITO;-526;1802073;858280
836;70;210;;Cáncer Colorectal 15 Años y Más;;RECONSTITUCION DEL TRANSITO;-526;1802054;858280
837;70;210;;Cáncer Colorectal 15 Años y Más;;QUIMIOTERAPIA ADYUVANTE: BAJO RIESGO: T1 HASTA T4A N1 ¿ N2 Y ESTADIOS: II (ALTO RIESGO), T4 N0 M0;-527;3002134;327380
838;70;210;;Cáncer Colorectal 15 Años y Más;;"QUIMIOTERAPIA ADYUVANTE: ETAPA III DUKES C PACIENTES DE ALTO RIESGO: CUALQUIER T, N2; PACIENTES DE ALTO RIESGO: T4B N1-N2 (FOLFOX 4); PACIENTES DE BAJO RIESGO: T1 HASTA T4A N1 ¿ N2";-528;3002234;832830
839;70;210;;Cáncer Colorectal 15 Años y Más;;EXAMENES E IMAGENES DURANTE QUIMIOTERAPIA CON INTENCION CURATIVA O PALIATIVA;-529;3002334;1626440
840;70;210;;Cáncer Colorectal 15 Años y Más;;SEGUIMIENTO CANCER DE COLON O COLORECTAL AÑOS 1 Y 2;-530;3001234;59810
841;70;210;;Cáncer Colorectal 15 Años y Más;;SEGUIMIENTO CANCER DE COLON O COLORECTAL AÑOS 3, 4 Y 5;-531;3001235;78780
842;71;211;;Cáncer de Ovario Epitelial;;CONFIRMACION DIAGNOSTICA Y ETAPIFICACION (SIEMPRE ES QUIRURGICA);-532;2003015;1913630
843;71;211;;Cáncer de Ovario Epitelial;;CONFIRMACION DIAGNOSTICA Y ETAPIFICACION (SIEMPRE ES QUIRURGICA);-532;2003001;1913630
844;71;211;;Cáncer de Ovario Epitelial;;CONFIRMACION DIAGNOSTICA Y ETAPIFICACION (SIEMPRE ES QUIRURGICA);-532;1802072;1913630
845;71;211;;Cáncer de Ovario Epitelial;;CONFIRMACION DIAGNOSTICA Y ETAPIFICACION (SIEMPRE ES QUIRURGICA);-532;1802008;1913630
846;71;211;;Cáncer de Ovario Epitelial;;CONFIRMACION DIAGNOSTICA Y ETAPIFICACION (SIEMPRE ES QUIRURGICA);-532;1802009;1913630
847;71;211;;Cáncer de Ovario Epitelial;;CONFIRMACION DIAGNOSTICA Y ETAPIFICACION (SIEMPRE ES QUIRURGICA);-532;2003031;1913630
848;71;211;;Cáncer de Ovario Epitelial;;QUIMIOTERAPIA POST CIRUGIA ESTADIO PRECOZ, 1ª LINEA;-533;3102134;99460
849;71;211;;Cáncer de Ovario Epitelial;;QUIMIOTERAPIA NEOADYUVANTE ESTADIOS AVANZADOS E III - IV;-534;3102135;96580
850;71;211;;Cáncer de Ovario Epitelial;;QUIMIOTERAPIA ADYUVANTE CANCER DE OVARIO EPITELIAL AVANZADO. QUIMIOTERAPIA ADYUVANTE. PARA LOS ESTADIOS IIB, IIC, III Y IV,;-535;3102136;255380
851;71;211;;Cáncer de Ovario Epitelial;;QUIMIOTERAPIA EN ENFERMEDAD RECURRENTE DE OVARIO, SENSIBLE A PLATINO;-536;3102137;726100
852;71;211;;Cáncer de Ovario Epitelial;;QUIMIOTERAPIA EN ENFERMEDAD RECURRENTE DE OVARIO, RESISTENTE A PLATINO;-537;3102138;1120170
853;71;211;;Cáncer de Ovario Epitelial;;EXAMENES E IMAGENES DURANTE EL TRATAMIENTO CON QUIMIOTERAPIA;-538;3102334;892620
854;71;211;;Cáncer de Ovario Epitelial;;SEGUIMIENTO CANCER DE OVARIO EPITETAL PRIMER AÑO;-539;3101234;189740
855;71;211;;Cáncer de Ovario Epitelial;;SEGUIMIENTO CANCER DE OVARIO EPITETAL DESDE AÑO 2 AL AÑO 5;-540;3101235;66940
856;72;212;;Cáncer Vesical 15 Años y Más;;ETAPIFICACION CANCER VESICAL;-541;403013;292340
857;72;212;;Cáncer Vesical 15 Años y Más;;ETAPIFICACION CANCER VESICAL;-541;403014;292340
858;72;212;;Cáncer Vesical 15 Años y Más;;ETAPIFICACION CANCER VESICAL;-541;403016;147050
859;72;212;;Cáncer Vesical 15 Años y Más;;CIRUGIA CAVES PROFUNDO;-542;1902027;1656650
860;72;212;;Cáncer Vesical 15 Años y Más;;CIRUGIA CAVES PROFUNDO;-542;1902028;1656650
861;72;212;;Cáncer Vesical 15 Años y Más;;CIRUGIA CAVES PROFUNDO;-542;1902029;1656650
862;72;212;;Cáncer Vesical 15 Años y Más;;CIRUGIA CAVES PROFUNDO;-542;1902036;1656650
863;72;212;;Cáncer Vesical 15 Años y Más;;CIRUGIA CAVES PROFUNDO;-542;1902038;1656650
864;72;212;;Cáncer Vesical 15 Años y Más;;CIRUGIA CAVES PROFUNDO;-542;1902018;1656650
865;72;212;;Cáncer Vesical 15 Años y Más;;CIRUGIA CAVES PROFUNDO;-542;1902032;1656650
866;72;212;;Cáncer Vesical 15 Años y Más;;CIRUGIA CAVES PROFUNDO;-542;1703040;1656650
867;72;212;;Cáncer Vesical 15 Años y Más;;CIRUGIA CAVES PROFUNDO;-542;1802009;1656650
868;72;212;;Cáncer Vesical 15 Años y Más;;PREVENCION RECURRENCIA CANCER VESICAL SUPERFICIAL AÑO 1;-543;3202134;89080
869;72;212;;Cáncer Vesical 15 Años y Más;;PREVENCION RECURRENCIA CANCER VESICAL SUPERFICIAL AÑO 2 Y 3;-544;3202135;33810
870;72;212;;Cáncer Vesical 15 Años y Más;;TRATAMIENTO  CANCER VESICAL SUPERFICIAL EXAMENES E IMAGENES DURANTE EL TRATAMIENTO CON QUIMIOTERAPIA. TIS-TA-T1;-545;3202136;694270
871;72;212;;Cáncer Vesical 15 Años y Más;;TRATAMIENTO ADYUVANTE CANCER VESICAL PROFUNDO. EXAMENES E IMAGENES DURANTE EL TRATAMIENTO CON QUIMIOTERAPIA. T2N0M0 - TXNXM1;-546;3202137;1522720
872;72;212;;Cáncer Vesical 15 Años y Más;;SEGUIMIENTO ANUAL CANCER SUPERFICIAL;-547;3201134;520850
873;72;212;;Cáncer Vesical 15 Años y Más;;SEGUIMIENTO CANCER SUPERFICIAL DESDE AÑO 2 HASTA AÑO 5;-548;3201135;227960
874;72;212;;Cáncer Vesical 15 Años y Más;;NEOADYUVANTE CANCER VESICAL PROFUNDO;-549;3201136;326090
875;72;212;;Cáncer Vesical 15 Años y Más;;ADYUVANTE CANCER VESICAL PROFUNDO, POST CIRUGIA;-550;3201137;741590
876;72;212;;Cáncer Vesical 15 Años y Más;;QT-RT CONCOMITANTE CANCER VESICAL PROFUNDO, SIN CIRUGIA;-551;3201138;196960
877;72;212;;Cáncer Vesical 15 Años y Más;;RADIOTERAPIA EXTERNA INTENCION CURATIVA;-552;508004;1764990
878;72;212;;Cáncer Vesical 15 Años y Más;;SEGUIMIENTO CANCER PROFUNDO (1º AÑO);-553;3201234;233620
879;72;212;;Cáncer Vesical 15 Años y Más;;SEGUIMIENTO CANCER PROFUNDO DESDE AÑO 2 AL AÑO 5;-554;3201235;183610
880;73;213;;Osteosarcoma 15 Años y Más;;CONFIRMACION Y ETAPIFICACION OSTEOSARCOMA;-555;3001150;621350
881;73;213;;Osteosarcoma 15 Años y Más;;CIRUGIA PARA OSTEOSARCOMA;-556;2104025;5698160
882;73;213;;Osteosarcoma 15 Años y Más;;CIRUGIA PARA OSTEOSARCOMA;-556;2104027;5698160
883;73;213;;Osteosarcoma 15 Años y Más;;QUIMIOTERAPIA PRE OPERATORIA PARA OSTEOSARCOMA;-557;3002150;652140
884;73;213;;Osteosarcoma 15 Años y Más;;QUIMIOTERAPIA  POST OPERATORIA PARA OSTEOSARCOMA;-558;3002151;573800
885;73;213;;Osteosarcoma 15 Años y Más;;EXAMENES E IMAGENES DURANTE EL TRATAMIENTO CON QUIMIOTERAPIA CON INTENCION CURATIVA Y PALIATIVA;-559;3002250;2124510
886;73;213;;Osteosarcoma 15 Años y Más;;SEGUIMIENTO OSTEOSARCOMA;-560;3001250;490770
887;74;214;;Tratamiento Quirúrgico Válvula Aórtica 15 y Más;;TRATAMIENTO QUIRURGICO DE PACIENTES NO COMPLICADOS;-561;1703462;8683100
888;74;214;;Tratamiento Quirúrgico Válvula Aórtica 15 y Más;;TRATAMIENTO QUIRURGICO DE PACIENTES COMPLICADOS;-562;1703463;13373950
889;74;214;;Tratamiento Quirúrgico Válvula Aórtica 15 y Más;;SEGUIMIENTO PRIMER AÑO;-563;1701101;218250
890;74;214;;Tratamiento Quirúrgico Válvula Aórtica 15 y Más;;SEGUIMIENTO SEGUNDO  AÑO;-564;1701201;30610
891;74;214;;Tratamiento Quirúrgico Válvula Aórtica 15 y Más;;CONTROL ANTICOAGULACION;-565;301059;38320
892;75;215;;Trastorno Bipolar 15 Años y Más;;TRATAMIENTO TRASTORNO BIPOLAR AÑO 1;-568;3103004;32110
893;75;215;;Trastorno Bipolar 15 Años y Más;;TRATAMIENTO TRASTORNO BIPOLAR A PARTIR DEL AÑO 2;-569;3103104;18290
894;77;217;;Tratamiento Hipoacusia Menor 2 Años;;IMPLEMENTACION AUDIFONOS;-117;3001002;2134280
895;77;217;;Tratamiento Hipoacusia Menor 2 Años;;IMPLANTE COCLEAR;-570;3114303;21315770
896;77;217;;Tratamiento Hipoacusia Menor 2 Años;;SEGUIMIENTO PRIMER AÑO;-563;3114404;83930
897;77;217;;Tratamiento Hipoacusia Menor 2 Años;;SEGUIMIENTO SEGUNDO  AÑO;-564;3114414;45390
898;77;217;;Tratamiento Hipoacusia Menor 2 Años;;SEGUIMIENTO TERCER AÑO;-571;3114424;36190
899;78;218;;Lupus Eritematoso Sistémico;;TRATAMIENTO LUPUS LEVE PRIMER AÑO;-572;3901101;191690
900;78;218;;Lupus Eritematoso Sistémico;;TRATAMIENTO LUPUS LEVE A PARTIR 2° AÑO;-573;3901102;154310
901;78;218;;Lupus Eritematoso Sistémico;;TRATAMIENTO LUPUS GRAVE PRIMER AÑO;-574;3901201;1339760
902;78;218;;Lupus Eritematoso Sistémico;;TRATAMIENTO LUPUS GRAVE A PARTIR 2º AÑO;-575;3901202;639520
903;78;218;;Lupus Eritematoso Sistémico;;HOSPITALIZACION LUPUS GRAVE;-576;3902201;1126720
904;78;218;;Lupus Eritematoso Sistémico;;HOSPITALIZADO REFRACTARIO A TRATAMIENTO: RESCATE FARMACOLOGICO LUPUS GRAVE;-577;3902202;5722480
905;78;218;;Lupus Eritematoso Sistémico;;HOSPITALIZADO REFRACTARIO A TRATAMIENTO: RESCATE POR PLASMAFERESIS LUPUS GRAVE;-578;3902203;18481200
906;79;219;;Tratamiento Quirúrgico Válvula Mitral y Tricúspide 15 y Más;;TRATAMIENTO QURIRURGICO NO COMPLICADOS;-579;1703462;8683100
907;79;219;;Tratamiento Quirúrgico Válvula Mitral y Tricúspide 15 y Más;;TRATAMIENTO QUIRURGICO COMPLICADOS;-580;1703463;13373950
908;79;219;;Tratamiento Quirúrgico Válvula Mitral y Tricúspide 15 y Más;;SEGUIMIENTO PRIMER AÑO;-563;1701101;218250
909;79;219;;Tratamiento Quirúrgico Válvula Mitral y Tricúspide 15 y Más;;SEGUIMIENTO SEGUNDO  AÑO;-564;1701201;30610
910;79;219;;Tratamiento Quirúrgico Válvula Mitral y Tricúspide 15 y Más;;CONTROL ANTICOAGULACION;-565;301059;38320
911;80;220;;Tratamiento Erradicación HELICOBACTER PYLORI;;SEGUIMIENTO DE ERRADICACION HELICOBACTER PYLORI;-582;1801037;61490
